avaliacao,empresa,tamanho,ano_fundacao,tipo_propriedade,industria,setor,receita,senioridade,cargo,salario_medio,cidade_vaga,estado_vaga,pais_vaga,cidade_sede,pais_sede,escala_tamanho,remoto,latitude,longitude,nome_estado_vaga
3.1,Healthfirst,1001 to 5000 employees,1993.0,Nonprofit Organization,Insurance Carriers,Insurance,Unknown / Non-Applicable,Senior,Data scientist,154.0,New York,NY,United States of America,New York,United States of America,Grande,False,40.74838,-73.996705,New York
4.2,ManTech,5001 to 10000 employees,1968.0,Company - Public,Research & Development,Business Services,$1 to $2 billion (USD),,Data scientist,154.0,Chantilly,VA,United States of America,Herndon,United States of America,Grande,False,38.8865,-77.4393,Virginia
3.8,Analysis Group,1001 to 5000 employees,1981.0,Private Practice / Firm,Consulting,Business Services,$100 to $500 million (USD),,Data scientist,154.0,Boston,MA,United States of America,Boston,United States of America,Grande,False,42.357603,-71.068432,Massachusetts
3.5,INFICON,501 to 1000 employees,2000.0,Company - Public,Electrical & Electronic Manufacturing,Manufacturing,$100 to $500 million (USD),,Data scientist,154.0,Newton,MA,United States of America,Bad Ragaz,Switzerland,Médio,False,42.3545,-71.1877,Massachusetts
2.9,Affinity Solutions,51 to 200 employees,1998.0,Company - Private,Advertising & Marketing,Business Services,Unknown / Non-Applicable,,Data scientist,154.0,New York,NY,United States of America,New York,United States of America,Pequeno,False,40.74838,-73.996705,New York
4.2,HG Insights,51 to 200 employees,2010.0,Company - Private,Computer Hardware & Software,Information Technology,Unknown / Non-Applicable,,Data scientist,154.0,Santa Barbara,CA,United States of America,Santa Barbara,United States of America,Pequeno,False,34.419668,-119.70782,California
3.9,Novartis,10000+ employees,1996.0,Company - Public,Biotech & Pharmaceuticals,Biotech & Pharmaceuticals,$10+ billion (USD),,Data scientist,154.0,Cambridge,MA,United States of America,Basel,Switzerland,Corporação,False,42.377045,-71.125611,Massachusetts
3.5,iRobot,1001 to 5000 employees,1990.0,Company - Public,Consumer Electronics & Appliances Stores,Retail,$1 to $2 billion (USD),,Data scientist,154.0,Bedford,MA,United States of America,Bedford,United States of America,Grande,False,42.484287,-71.276796,Massachusetts
4.4,Intuit - Data,5001 to 10000 employees,1983.0,Company - Public,Computer Hardware & Software,Information Technology,$2 to $5 billion (USD),Principal,Data scientist,154.0,San Diego,CA,United States of America,Mountain View,United States of America,Grande,False,32.71852,-117.159316,California
3.6,XSELL Technologies,51 to 200 employees,2014.0,Company - Private,Enterprise Software & Network Solutions,Information Technology,Unknown / Non-Applicable,,Data scientist,154.0,Chicago,IL,United States of America,Chicago,United States of America,Pequeno,False,41.885847,-87.618123,Illinois
4.5,Novetta,501 to 1000 employees,2012.0,Company - Private,Enterprise Software & Network Solutions,Information Technology,$100 to $500 million (USD),,Data scientist,154.0,Herndon,VA,United States of America,Mc Lean,United States of America,Médio,False,38.9764,-77.3839,Virginia
4.7,1904labs,51 to 200 employees,2016.0,Company - Private,IT Services,Information Technology,Unknown / Non-Applicable,,Data scientist,154.0,Saint Louis,MO,United States of America,Saint Louis,United States of America,Pequeno,False,38.642574,-90.324189,Missouri
3.7,PNNL,1001 to 5000 employees,1965.0,Government,Energy,"Oil, Gas, Energy & Utilities",$500 million to $1 billion (USD),,Data scientist,154.0,Richland,WA,United States of America,Richland,United States of America,Grande,False,46.283265,-119.289201,Washington
3.1,Old World Industries,201 to 500 employees,1973.0,Company - Private,Chemical Manufacturing,Manufacturing,$1 to $2 billion (USD),,outro,154.0,Northbrook,IL,United States of America,Northbrook,United States of America,Médio,False,42.125443,-87.846535,Illinois
3.4,Mathematica Policy Research,1001 to 5000 employees,1986.0,Company - Private,Consulting,Business Services,$100 to $500 million (USD),,Data scientist,154.0,Washington,DC,United States of America,Princeton,United States of America,Grande,False,38.912217,-77.017691,District of Columbia
4.4,Guzman & Griffin Technologies (GGTI),1 to 50 employees,1997.0,Company - Private,Federal Agencies,Government,Unknown / Non-Applicable,,Data scientist,154.0,Washington,DC,United States of America,Mays Landing,United States of America,Pequeno,False,38.912217,-77.017691,District of Columbia
4.1,Upside Business Travel,51 to 200 employees,2015.0,Company - Private,Internet,Information Technology,Unknown / Non-Applicable,,Data scientist,154.0,Remote,,,Washington,United States of America,Pequeno,True,,,
3.5,Buckman,1001 to 5000 employees,1945.0,Company - Private,Chemical Manufacturing,Manufacturing,$500 million to $1 billion (USD),,Data scientist,154.0,Memphis,TN,United States of America,Memphis,United States of America,Grande,False,35.0337,-89.9343,Tennessee
4.2,"Insight Enterprises, Inc.",5001 to 10000 employees,1988.0,Company - Public,Enterprise Software & Network Solutions,Information Technology,$5 to $10 billion (USD),,Data analyst,154.0,Plano,TX,United States of America,Tempe,United States of America,Grande,False,33.054972,-96.736454,Texas
3.5,Tower Health,5001 to 10000 employees,2017.0,Nonprofit Organization,Health Care Services & Hospitals,Health Care,Unknown / Non-Applicable,,outro,154.0,West Grove,PA,United States of America,Reading,United States of America,Grande,False,39.825314,-75.837374,Pennsylvania
3.2,Triplebyte,51 to 200 employees,2015.0,Company - Private,Computer Hardware & Software,Information Technology,Unknown / Non-Applicable,,Data scientist,154.0,New York,NY,United States of America,San Francisco,United States of America,Pequeno,False,40.74838,-73.996705,New York
4.3,PulsePoint,51 to 200 employees,2011.0,Company - Private,Internet,Information Technology,$100 to $500 million (USD),,Data scientist,154.0,New York,NY,United States of America,New York,United States of America,Pequeno,False,40.74838,-73.996705,New York
3.5,Exponent,1001 to 5000 employees,1967.0,Company - Public,Consulting,Business Services,$100 to $500 million (USD),,outro,154.0,Phoenix,AZ,United States of America,Menlo Park,United States of America,Grande,False,33.451,-112.0685,Arizona
3.5,Guardian Life,5001 to 10000 employees,1860.0,Company - Private,Insurance Carriers,Insurance,$5 to $10 billion (USD),,outro,154.0,Appleton,WI,United States of America,New York,United States of America,Grande,False,44.277325,-88.397649,Wisconsin
3.4,Spectrum Communications and Consulting,51 to 200 employees,1992.0,Company - Private,Advertising & Marketing,Business Services,$10 to $25 million (USD),,Data scientist,154.0,Chicago,IL,United States of America,Chicago,United States of America,Pequeno,False,41.885847,-87.618123,Illinois
4.7,Oversight Systems,51 to 200 employees,2003.0,Company - Private,Computer Hardware & Software,Information Technology,$25 to $50 million (USD),,Data scientist,154.0,Atlanta,GA,United States of America,Atlanta,United States of America,Pequeno,False,33.749788,-84.31685,Georgia
4.2,LSQ,51 to 200 employees,1996.0,Company - Private,Investment Banking & Asset Management,Finance,$100 to $500 million (USD),,Data scientist,154.0,Orlando,FL,United States of America,Orlando,United States of America,Pequeno,False,28.498821,-80.58248,Florida
3.8,MIT Lincoln Laboratory,1001 to 5000 employees,1951.0,Nonprofit Organization,Aerospace & Defense,Aerospace & Defense,Unknown / Non-Applicable,,Data scientist,154.0,Lexington,MA,United States of America,Lexington,United States of America,Grande,False,42.4558,-71.2193,Massachusetts
4.5,Kingfisher Systems,51 to 200 employees,2005.0,Company - Private,Federal Agencies,Government,$25 to $50 million (USD),,Data scientist,154.0,McLean,VA,United States of America,Falls Church,United States of America,Pequeno,False,,,
2.8,Formation,51 to 200 employees,2015.0,Company - Private,Enterprise Software & Network Solutions,Information Technology,Unknown / Non-Applicable,,Data scientist,154.0,San Francisco,CA,United States of America,San Francisco,United States of America,Pequeno,False,37.775,-122.4183,California
3.8,Analysis Group,1001 to 5000 employees,1981.0,Private Practice / Firm,Consulting,Business Services,$100 to $500 million (USD),,Data scientist,103.0,Boston,MA,United States of America,Boston,United States of America,Grande,False,42.357603,-71.068432,Massachusetts
3.9,Novartis,10000+ employees,1996.0,Company - Public,Biotech & Pharmaceuticals,Biotech & Pharmaceuticals,$10+ billion (USD),,Data scientist,103.0,Cambridge,MA,United States of America,Basel,Switzerland,Corporação,False,42.377045,-71.125611,Massachusetts
5.0,Cohere Health,1 to 50 employees,2019.0,Company - Private,IT Services,Information Technology,Unknown / Non-Applicable,,Data scientist,103.0,Boston,MA,United States of America,Boston,United States of America,Pequeno,False,42.357603,-71.068432,Massachusetts
4.8,Acuity Insurance,1001 to 5000 employees,1925.0,Company - Private,Insurance Carriers,Insurance,$1 to $2 billion (USD),Senior,Data scientist,103.0,Sheboygan,WI,United States of America,Sheboygan,United States of America,Grande,False,43.740981,-87.724667,Wisconsin
3.6,Chef,201 to 500 employees,2008.0,Company - Private,Enterprise Software & Network Solutions,Information Technology,$50 to $100 million (USD),,Data engineer,103.0,United States,,,Seattle,United States of America,Médio,False,,,
3.3,Puget Sound Energy,1001 to 5000 employees,1999.0,Company - Private,Utilities,"Oil, Gas, Energy & Utilities",$2 to $5 billion (USD),Junior,Data scientist,103.0,Bothell,WA,United States of America,Bellevue,United States of America,Grande,False,47.749692,-122.2159,Washington
2.7,Sandhills Global,1001 to 5000 employees,1978.0,Company - Private,Enterprise Software & Network Solutions,Information Technology,$50 to $100 million (USD),,outro,103.0,Lincoln,NE,United States of America,Lincoln,United States of America,Grande,False,40.8169,-96.7103,Nebraska
2.7,A Place for Mom,501 to 1000 employees,2000.0,Company - Private,Health Care Services & Hospitals,Health Care,Unknown / Non-Applicable,,Data scientist,103.0,Overland Park,KS,United States of America,New York,United States of America,Médio,False,38.992488,-94.674769,Kansas
2.2,Great-Circle Technologies,1 to 50 employees,2000.0,Company - Private,Enterprise Software & Network Solutions,Information Technology,$1 to $5 million (USD),,Data scientist,103.0,Chantilly,VA,United States of America,Chantilly,United States of America,Pequeno,False,38.8865,-77.4393,Virginia
3.4,Edmunds.com,501 to 1000 employees,1966.0,Company - Private,Internet,Information Technology,$100 to $500 million (USD),Senior,Data scientist,103.0,Santa Monica,CA,United States of America,Santa Monica,United States of America,Médio,False,34.017628,-118.490708,California
3.1,"Cambridge Associates, LLC",501 to 1000 employees,1973.0,Company - Private,Investment Banking & Asset Management,Finance,$100 to $500 million (USD),,Data analyst,103.0,Boston,MA,United States of America,Boston,United States of America,Médio,False,42.357603,-71.068432,Massachusetts
3.4,Liberty Mutual Insurance,10000+ employees,1912.0,Company - Private,Insurance Carriers,Insurance,$10+ billion (USD),,Machine learning engineer,103.0,Portsmouth,NH,United States of America,Boston,United States of America,Corporação,False,43.066524,-70.780412,New Hampshire
2.6,Cenlar,1001 to 5000 employees,1958.0,Company - Private,,,$100 to $500 million (USD),,Data analyst,103.0,Ewing,NJ,United States of America,Ewing,United States of America,Grande,False,40.237687,-74.782062,New Jersey
5.0,Arsenal Biosciences,51 to 200 employees,2019.0,Company - Private,Biotech & Pharmaceuticals,Biotech & Pharmaceuticals,Unknown / Non-Applicable,,outro,103.0,South San Francisco,CA,United States of America,South San Francisco,United States of America,Pequeno,False,37.65382,-122.4347,California
4.2,Eversight,51 to 200 employees,2013.0,Company - Private,Enterprise Software & Network Solutions,Information Technology,$10 to $25 million (USD),,Data scientist,103.0,Palo Alto,CA,United States of America,Palo Alto,United States of America,Pequeno,False,37.444324,-122.149685,California
4.1,Pfizer,10000+ employees,1849.0,Company - Public,Biotech & Pharmaceuticals,Biotech & Pharmaceuticals,$10+ billion (USD),,outro,103.0,Cambridge,MA,United States of America,New York,United States of America,Corporação,False,42.377045,-71.125611,Massachusetts
4.8,Klaviyo,201 to 500 employees,2012.0,Company - Private,Computer Hardware & Software,Information Technology,Unknown / Non-Applicable,Senior,Data scientist,103.0,Boston,MA,United States of America,Boston,United States of America,Médio,False,42.357603,-71.068432,Massachusetts
3.3,Intellectual Ventures,501 to 1000 employees,2000.0,Company - Private,Investment Banking & Asset Management,Finance,Unknown / Non-Applicable,,Data scientist,103.0,Bellevue,WA,United States of America,Bellevue,United States of America,Médio,False,47.619899,-122.207371,Washington
3.7,GovTech,1001 to 5000 employees,2016.0,Government,Federal Agencies,Government,Unknown / Non-Applicable,,Data scientist,103.0,San Francisco,CA,United States of America,Singapore,Singapore,Grande,False,37.775,-122.4183,California
4.3,Quick Base,201 to 500 employees,1999.0,Company - Private,Enterprise Software & Network Solutions,Information Technology,Unknown / Non-Applicable,,Data scientist,103.0,Cambridge,MA,United States of America,Cambridge,United States of America,Médio,False,42.377045,-71.125611,Massachusetts
4.8,Giving Assistant,1 to 50 employees,2014.0,Company - Private,Advertising & Marketing,Business Services,$10 to $25 million (USD),,Data analyst,103.0,San Francisco,CA,United States of America,San Francisco,United States of America,Pequeno,False,37.775,-122.4183,California
3.7,Takeda,10000+ employees,1781.0,Company - Public,Biotech & Pharmaceuticals,Biotech & Pharmaceuticals,$10+ billion (USD),,Data scientist,103.0,Cambridge,MA,United States of America,OSAKA,Japan,Corporação,False,42.377045,-71.125611,Massachusetts
4.0,Netskope,501 to 1000 employees,2012.0,Company - Private,Enterprise Software & Network Solutions,Information Technology,Unknown / Non-Applicable,,Data scientist,103.0,San Francisco,CA,United States of America,Santa Clara,United States of America,Médio,False,37.775,-122.4183,California
4.8,IT Concepts,51 to 200 employees,2003.0,Company - Private,IT Services,Information Technology,$10 to $25 million (USD),Junior,Data engineer,103.0,Remote,,,Vienna,United States of America,Pequeno,True,,,
3.5,iSeatz,51 to 200 employees,1999.0,Company - Private,Enterprise Software & Network Solutions,Information Technology,Unknown / Non-Applicable,,Data analyst,103.0,New Orleans,LA,United States of America,New Orleans,United States of America,Pequeno,False,29.963071,-90.160953,Louisiana
3.7,Summa Health System,5001 to 10000 employees,1926.0,Nonprofit Organization,Health Care Services & Hospitals,Health Care,$100 to $500 million (USD),,outro,103.0,Akron,OH,United States of America,Akron,United States of America,Grande,False,41.044852,-81.520048,Ohio
3.5,Benson Hill,201 to 500 employees,2012.0,Company - Private,Biotech & Pharmaceuticals,Biotech & Pharmaceuticals,$1 to $5 million (USD),Senior,Data scientist,103.0,Saint Louis,MO,United States of America,Saint Louis,United States of America,Médio,False,38.642574,-90.324189,Missouri
4.1,Twitter,1001 to 5000 employees,2006.0,Company - Public,Internet,Information Technology,$2 to $5 billion (USD),,Data scientist,103.0,San Francisco,CA,United States of America,San Francisco,United States of America,Grande,False,37.775,-122.4183,California
3.2,Postmates - Corporate HQ,1001 to 5000 employees,2011.0,Company - Private,Express Delivery Services,Transportation & Logistics,Unknown / Non-Applicable,,Data scientist,103.0,San Francisco,CA,United States of America,San Francisco,United States of America,Grande,False,37.775,-122.4183,California
4.5,Envision LLC,201 to 500 employees,1994.0,Company - Private,Staffing & Outsourcing,Business Services,$25 to $50 million (USD),,Data scientist,103.0,Saint Louis,MO,United States of America,Saint Louis,United States of America,Médio,False,38.642574,-90.324189,Missouri
3.8,Swiss Re,10000+ employees,1863.0,Company - Public,Insurance Agencies & Brokerages,Insurance,$10+ billion (USD),,Data analyst,103.0,Fort Wayne,IN,United States of America,Zurich,Switzerland,Corporação,False,41.0716,-85.1367,Indiana
4.5,Systems & Technology Research,201 to 500 employees,2010.0,Company - Private,Aerospace & Defense,Aerospace & Defense,$100 to $500 million (USD),,Machine learning engineer,103.0,Woburn,MA,United States of America,Woburn,United States of America,Médio,False,42.482894,-71.157404,Massachusetts
3.5,iRobot,1001 to 5000 employees,1990.0,Company - Public,Consumer Electronics & Appliances Stores,Retail,$1 to $2 billion (USD),,Data scientist,105.0,Bedford,MA,United States of America,Bedford,United States of America,Grande,False,42.484287,-71.276796,Massachusetts
4.2,HG Insights,51 to 200 employees,2010.0,Company - Private,Computer Hardware & Software,Information Technology,Unknown / Non-Applicable,,Data scientist,105.0,Santa Barbara,CA,United States of America,Santa Barbara,United States of America,Pequeno,False,34.419668,-119.70782,California
3.8,Dermalogica,201 to 500 employees,1986.0,Subsidiary or Business Segment,Consumer Products Manufacturing,Manufacturing,$100 to $500 million (USD),,Data analyst,105.0,Carson,CA,United States of America,Carson,United States of America,Médio,False,33.822968,-118.268352,California
3.7,Bayview Asset Management,1001 to 5000 employees,1995.0,Company - Private,Investment Banking & Asset Management,Finance,$100 to $500 million (USD),,Data engineer,105.0,Coral Gables,FL,United States of America,Coral Gables,United States of America,Grande,False,,,
3.7,Via Transportation,501 to 1000 employees,2012.0,Company - Private,Internet,Information Technology,Unknown / Non-Applicable,,Data scientist,105.0,New York,NY,United States of America,New York,United States of America,Médio,False,40.74838,-73.996705,New York
4.0,Grid Dynamics,1001 to 5000 employees,2006.0,Company - Private,Enterprise Software & Network Solutions,Information Technology,$50 to $100 million (USD),,Data scientist,105.0,Santa Clara,CA,United States of America,San Ramon,United States of America,Grande,False,37.34732,-121.954079,California
3.3,Tempus Labs,501 to 1000 employees,2015.0,Company - Private,Biotech & Pharmaceuticals,Biotech & Pharmaceuticals,Unknown / Non-Applicable,,outro,105.0,Chicago,IL,United States of America,Chicago,United States of America,Médio,False,41.885847,-87.618123,Illinois
2.5,CareDx,1 to 50 employees,,Company - Private,Biotech & Pharmaceuticals,Biotech & Pharmaceuticals,Unknown / Non-Applicable,,Data scientist,105.0,Brisbane,CA,United States of America,Brisbane,United States of America,Pequeno,False,37.681104,-122.400118,California
4.2,IZEA,51 to 200 employees,2006.0,Company - Public,Advertising & Marketing,Business Services,$25 to $50 million (USD),,Data engineer,105.0,Winter Park,FL,United States of America,Winter Park,United States of America,Pequeno,False,28.597824,-81.353436,Florida
3.3,Tempus Labs,501 to 1000 employees,2015.0,Company - Private,Biotech & Pharmaceuticals,Biotech & Pharmaceuticals,Unknown / Non-Applicable,,Data scientist,105.0,Redwood City,CA,United States of America,Chicago,United States of America,Médio,False,37.464661,-122.230406,California
4.0,Autodesk,5001 to 10000 employees,1982.0,Company - Public,Computer Hardware & Software,Information Technology,$2 to $5 billion (USD),Principal,Data scientist,105.0,San Francisco,CA,United States of America,San Rafael,United States of America,Grande,False,37.775,-122.4183,California
3.7,Caterpillar,10000+ employees,1925.0,Company - Public,Industrial Manufacturing,Manufacturing,$10+ billion (USD),,Data analyst,105.0,Peoria,IL,United States of America,Deerfield,United States of America,Corporação,False,40.6854,-89.5953,Illinois
4.9,New England Biolabs,201 to 500 employees,1974.0,Company - Private,Biotech & Pharmaceuticals,Biotech & Pharmaceuticals,Unknown / Non-Applicable,,outro,105.0,Ipswich,MA,United States of America,Ipswich,United States of America,Médio,False,42.680877,-70.849353,Massachusetts
3.4,Allied Solutions,1001 to 5000 employees,2001.0,Subsidiary or Business Segment,Insurance Agencies & Brokerages,Insurance,$100 to $500 million (USD),,Data analyst,105.0,Carmel,IN,United States of America,Carmel,United States of America,Grande,False,39.971232,-86.124545,Indiana
3.1,Healthfirst,1001 to 5000 employees,1993.0,Nonprofit Organization,Insurance Carriers,Insurance,Unknown / Non-Applicable,,Data engineer,105.0,New York,NY,United States of America,New York,United States of America,Grande,False,40.74838,-73.996705,New York
3.5,The Knot Worldwide,1001 to 5000 employees,2019.0,Company - Private,Internet,Information Technology,Unknown / Non-Applicable,,Data scientist,105.0,Washington,DC,United States of America,Chevy Chase,United States of America,Grande,False,38.912217,-77.017691,District of Columbia
2.9,IFG Companies,201 to 500 employees,1985.0,Company - Private,Insurance Carriers,Insurance,Unknown / Non-Applicable,,Data scientist,105.0,New York,NY,United States of America,Hartford,United States of America,Médio,False,40.74838,-73.996705,New York
3.3,Amyris,201 to 500 employees,2003.0,Company - Public,Biotech & Pharmaceuticals,Biotech & Pharmaceuticals,$100 to $500 million (USD),,Data scientist,105.0,Emeryville,CA,United States of America,Emeryville,United States of America,Médio,False,37.836466,-122.280363,California
4.0,AstraZeneca,10000+ employees,1913.0,Company - Public,Biotech & Pharmaceuticals,Biotech & Pharmaceuticals,$10+ billion (USD),,Data scientist,105.0,Gaithersburg,MD,United States of America,Cambridge,United Kingdom,Corporação,False,39.14187,-77.188993,Maryland
3.6,Powertek,51 to 200 employees,2001.0,Company - Private,IT Services,Information Technology,$25 to $50 million (USD),,Data scientist,105.0,Washington,DC,United States of America,Rockville,United States of America,Pequeno,False,38.912217,-77.017691,District of Columbia
4.7,Object Partners,51 to 200 employees,1996.0,Company - Private,Consulting,Business Services,$25 to $50 million (USD),,Data engineer,105.0,Saint Louis,MO,United States of America,Minneapolis,United States of America,Pequeno,False,38.642574,-90.324189,Missouri
4.9,The Mom Project,1 to 50 employees,2016.0,Company - Private,Staffing & Outsourcing,Business Services,Unknown / Non-Applicable,,Data scientist,105.0,Longmont,CO,United States of America,Chicago,United States of America,Pequeno,False,40.177921,-105.10095,Colorado
4.3,Lightspeed Systems,51 to 200 employees,1999.0,Company - Private,Computer Hardware & Software,Information Technology,$25 to $50 million (USD),,Data scientist,105.0,Austin,TX,United States of America,Austin,United States of America,Pequeno,False,30.210692,-97.942749,Texas
4.0,Stripe,1001 to 5000 employees,2010.0,Company - Private,Internet,Information Technology,Unknown / Non-Applicable,Manager,outro,105.0,San Francisco,CA,United States of America,San Francisco,United States of America,Grande,False,37.775,-122.4183,California
2.6,Comprehensive Healthcare,501 to 1000 employees,1971.0,Nonprofit Organization,Health Care Services & Hospitals,Health Care,Unknown / Non-Applicable,,Data analyst,105.0,Yakima,WA,United States of America,Yakima,United States of America,Médio,False,46.606991,-120.477336,Washington
4.5,"Fullpower Technologies, Inc.",51 to 200 employees,2003.0,Company - Private,Computer Hardware & Software,Information Technology,$10 to $25 million (USD),,Data scientist,105.0,Santa Cruz,CA,United States of America,Santa Cruz,United States of America,Pequeno,False,36.982946,-122.043612,California
4.8,Klaviyo,201 to 500 employees,2012.0,Company - Private,Computer Hardware & Software,Information Technology,Unknown / Non-Applicable,,Machine learning engineer,105.0,Boston,MA,United States of America,Boston,United States of America,Médio,False,42.357603,-71.068432,Massachusetts
3.9,Mars,10000+ employees,1911.0,Company - Private,Food & Beverage Manufacturing,Manufacturing,$10+ billion (USD),,Data scientist,105.0,United States,,,Mc Lean,United States of America,Corporação,False,,,
4.0,AstraZeneca,10000+ employees,1913.0,Company - Public,Biotech & Pharmaceuticals,Biotech & Pharmaceuticals,$10+ billion (USD),Junior,Data scientist,105.0,Gaithersburg,MD,United States of America,Cambridge,United Kingdom,Corporação,False,39.14187,-77.188993,Maryland
4.4,NuWave Solutions,51 to 200 employees,1999.0,Company - Private,IT Services,Information Technology,$5 to $10 million (USD),,Machine learning engineer,105.0,Springfield,VA,United States of America,Mc Lean,United States of America,Pequeno,False,38.779718,-77.186582,Virginia
4.2,ManTech,5001 to 10000 employees,1968.0,Company - Public,Research & Development,Business Services,$1 to $2 billion (USD),Senior,Data scientist,105.0,Alexandria,VA,United States of America,Herndon,United States of America,Grande,False,38.820042,-77.058901,Virginia
3.6,Merrick Bank,201 to 500 employees,1997.0,Company - Private,Banks & Credit Unions,Finance,Unknown / Non-Applicable,Senior,Data scientist,105.0,Utah,,,South Jordan,United States of America,Médio,False,,,
3.4,Mathematica Policy Research,1001 to 5000 employees,1986.0,Company - Private,Consulting,Business Services,$100 to $500 million (USD),,Data scientist,115.5,Washington,DC,United States of America,Princeton,United States of America,Grande,False,38.912217,-77.017691,District of Columbia
4.4,Intuit - Data,5001 to 10000 employees,1983.0,Company - Public,Computer Hardware & Software,Information Technology,$2 to $5 billion (USD),Principal,Data scientist,115.5,San Diego,CA,United States of America,Mountain View,United States of America,Grande,False,32.71852,-117.159316,California
3.5,QOMPLX,51 to 200 employees,2015.0,Company - Private,Enterprise Software & Network Solutions,Information Technology,$10 to $25 million (USD),,outro,115.5,Reston,VA,United States of America,Reston,United States of America,Pequeno,False,38.96,-77.3456,Virginia
3.9,Mars,10000+ employees,1911.0,Company - Private,Food & Beverage Manufacturing,Manufacturing,$10+ billion (USD),,Data scientist,115.5,New York,NY,United States of America,Mc Lean,United States of America,Corporação,False,40.74838,-73.996705,New York
3.8,GutCheck,51 to 200 employees,2009.0,Company - Private,Advertising & Marketing,Business Services,$10 to $25 million (USD),Senior,Data scientist,115.5,Denver,CO,United States of America,Denver,United States of America,Pequeno,False,39.840562,-105.007985,Colorado
3.5,Inter-American Development Bank,1001 to 5000 employees,1959.0,Other Organization,Banks & Credit Unions,Finance,$10+ billion (USD),,Data scientist,115.5,Washington,DC,United States of America,Washington,United States of America,Grande,False,38.912217,-77.017691,District of Columbia
4.9,Avlino,1 to 50 employees,2013.0,Company - Private,Enterprise Software & Network Solutions,Information Technology,Less than $1 million (USD),,Data scientist,115.5,New Jersey,,,Holmdel,United States of America,Pequeno,False,,,
4.4,Stratagem Group,1 to 50 employees,2007.0,Company - Private,Aerospace & Defense,Aerospace & Defense,Unknown / Non-Applicable,,Machine learning engineer,115.5,Aurora,CO,United States of America,Aurora,United States of America,Pequeno,False,39.737809,-104.815233,Colorado
4.1,Evidation,51 to 200 employees,2012.0,Company - Private,Internet,Information Technology,Unknown / Non-Applicable,,Data scientist,115.5,Santa Barbara,CA,United States of America,San Mateo,United States of America,Pequeno,False,34.419668,-119.70782,California
4.0,Autodesk,5001 to 10000 employees,1982.0,Company - Public,Computer Hardware & Software,Information Technology,$2 to $5 billion (USD),Senior,Data scientist,115.5,San Francisco,CA,United States of America,San Rafael,United States of America,Grande,False,37.775,-122.4183,California
4.4,Intuit - Data,5001 to 10000 employees,1983.0,Company - Public,Computer Hardware & Software,Information Technology,$2 to $5 billion (USD),Principal,Data scientist,115.5,San Diego,CA,United States of America,Mountain View,United States of America,Grande,False,32.71852,-117.159316,California
3.8,Tecolote Research,501 to 1000 employees,1973.0,Company - Private,Aerospace & Defense,Aerospace & Defense,$50 to $100 million (USD),,Data scientist,115.5,Hill AFB,UT,United States of America,Goleta,United States of America,Médio,False,41.116962,-111.995565,Utah
3.2,Tivity Health,501 to 1000 employees,1981.0,Company - Public,Health Care Services & Hospitals,Health Care,Unknown / Non-Applicable,Senior,Data engineer,115.5,Chandler,AZ,United States of America,Franklin,United States of America,Médio,False,33.330091,-111.863156,Arizona
2.9,hc1,51 to 200 employees,2011.0,Company - Private,Biotech & Pharmaceuticals,Biotech & Pharmaceuticals,$10 to $25 million (USD),,Data engineer,115.5,Indianapolis,IN,United States of America,Indianapolis,United States of America,Pequeno,False,39.938417,-86.13894,Indiana
4.1,HP Inc.,10000+ employees,1939.0,Company - Public,Computer Hardware & Software,Information Technology,Unknown / Non-Applicable,Lead,Data scientist,115.5,San Diego,CA,United States of America,Palo Alto,United States of America,Corporação,False,32.71852,-117.159316,California
3.7,SAIC,10000+ employees,2013.0,Company - Public,Enterprise Software & Network Solutions,Information Technology,$5 to $10 million (USD),,Data scientist,115.5,Chantilly,VA,United States of America,Reston,United States of America,Corporação,False,38.8865,-77.4393,Virginia
3.2,AllianceBernstein,1001 to 5000 employees,1967.0,Company - Public,Investment Banking & Asset Management,Finance,$2 to $5 billion (USD),,Data analyst,115.5,Nashville,TN,United States of America,New York,United States of America,Grande,False,36.167028,-86.778441,Tennessee
4.9,Big Huge Games,51 to 200 employees,2013.0,Subsidiary or Business Segment,Video Games,Media,Unknown / Non-Applicable,,Data analyst,115.5,Timonium,MD,United States of America,Lutherville Timonium,United States of America,Pequeno,False,,,
3.5,Maxar Technologies,5001 to 10000 employees,,Company - Public,Aerospace & Defense,Aerospace & Defense,$2 to $5 billion (USD),,Data scientist,115.5,Herndon,VA,United States of America,Westminster,United States of America,Grande,False,38.9764,-77.3839,Virginia
5.0,Phantom AI,1 to 50 employees,2016.0,Company - Private,Computer Hardware & Software,Information Technology,Unknown / Non-Applicable,,Data engineer,115.5,Burlingame,CA,United States of America,Burlingame,United States of America,Pequeno,False,37.575884,-122.362952,California
4.0,Noblis,1001 to 5000 employees,1996.0,Nonprofit Organization,Consulting,Business Services,$100 to $500 million (USD),,Data scientist,115.5,Reston,VA,United States of America,Reston,United States of America,Grande,False,38.96,-77.3456,Virginia
3.6,Spring Health,1 to 50 employees,2016.0,Company - Private,Health Care Services & Hospitals,Health Care,Unknown / Non-Applicable,,Data scientist,115.5,New York,NY,United States of America,New York,United States of America,Pequeno,False,40.74838,-73.996705,New York
4.0,ClearEdge,51 to 200 employees,2002.0,Company - Private,Computer Hardware & Software,Information Technology,$5 to $10 million (USD),,Software engineer,115.5,Annapolis Junction,MD,United States of America,Annapolis Junction,United States of America,Pequeno,False,39.130983,-76.798068,Maryland
3.2,AllianceBernstein,1001 to 5000 employees,1967.0,Company - Public,Investment Banking & Asset Management,Finance,$2 to $5 billion (USD),,Data analyst,115.5,Nashville,TN,United States of America,New York,United States of America,Grande,False,36.167028,-86.778441,Tennessee
5.0,Arsenal Biosciences,51 to 200 employees,2019.0,Company - Private,Biotech & Pharmaceuticals,Biotech & Pharmaceuticals,Unknown / Non-Applicable,,outro,115.5,South San Francisco,CA,United States of America,South San Francisco,United States of America,Pequeno,False,37.65382,-122.4347,California
4.8,GetWellNetwork,201 to 500 employees,2000.0,Company - Private,Health Care Services & Hospitals,Health Care,$50 to $100 million (USD),,Data engineer,115.5,Bethesda,MD,United States of America,Bethesda,United States of America,Médio,False,38.9806,-77.1008,Maryland
4.5,TACG Solutions,51 to 200 employees,2006.0,Company - Private,Consulting,Business Services,Unknown / Non-Applicable,,Data scientist,115.5,Dayton,OH,United States of America,Beavercreek,United States of America,Pequeno,False,39.765396,-84.099802,Ohio
4.7,Scoop,51 to 200 employees,2015.0,Company - Private,Internet,Information Technology,Unknown / Non-Applicable,Senior,Data engineer,115.5,San Francisco,CA,United States of America,San Francisco,United States of America,Pequeno,False,37.775,-122.4183,California
4.5,Novetta,501 to 1000 employees,2012.0,Company - Private,Enterprise Software & Network Solutions,Information Technology,$100 to $500 million (USD),Senior,Data scientist,115.5,Herndon,VA,United States of America,Mc Lean,United States of America,Médio,False,38.9764,-77.3839,Virginia
4.2,IZEA,51 to 200 employees,2006.0,Company - Public,Advertising & Marketing,Business Services,$25 to $50 million (USD),,Data engineer,115.5,Winter Park,FL,United States of America,Winter Park,United States of America,Pequeno,False,28.597824,-81.353436,Florida
3.4,Montway Inc,51 to 200 employees,2006.0,Company - Private,Shipping,Transportation & Logistics,Unknown / Non-Applicable,,outro,115.5,Schaumburg,IL,United States of America,Schaumburg,United States of America,Pequeno,False,42.0333,-88.0833,Illinois
3.8,Juniper Networks,5001 to 10000 employees,1996.0,Company - Public,Telecommunications Services,Telecommunications,$2 to $5 billion (USD),Senior,Data scientist,115.5,Cupertino,CA,United States of America,Sunnyvale,United States of America,Grande,False,37.317363,-122.038604,California
4.7,1904labs,51 to 200 employees,2016.0,Company - Private,IT Services,Information Technology,Unknown / Non-Applicable,,Data scientist,99.5,Saint Louis,MO,United States of America,Saint Louis,United States of America,Pequeno,False,38.642574,-90.324189,Missouri
3.6,XSELL Technologies,51 to 200 employees,2014.0,Company - Private,Enterprise Software & Network Solutions,Information Technology,Unknown / Non-Applicable,,Data scientist,99.5,Chicago,IL,United States of America,Chicago,United States of America,Pequeno,False,41.885847,-87.618123,Illinois
4.2,IZEA,51 to 200 employees,2006.0,Company - Public,Advertising & Marketing,Business Services,$25 to $50 million (USD),,Data engineer,99.5,Winter Park,FL,United States of America,Winter Park,United States of America,Pequeno,False,28.597824,-81.353436,Florida
3.8,Juniper Networks,5001 to 10000 employees,1996.0,Company - Public,Telecommunications Services,Telecommunications,$2 to $5 billion (USD),Senior,Data scientist,99.5,Cupertino,CA,United States of America,Sunnyvale,United States of America,Grande,False,37.317363,-122.038604,California
5.0,Notion Labs,1 to 50 employees,2016.0,Company - Private,Enterprise Software & Network Solutions,Information Technology,Unknown / Non-Applicable,,Data scientist,99.5,San Francisco,CA,United States of America,San Francisco,United States of America,Pequeno,False,37.775,-122.4183,California
4.9,Lendio,201 to 500 employees,2011.0,Company - Private,Lending,Finance,$50 to $100 million (USD),Senior,Data engineer,99.5,Lehi,UT,United States of America,Lehi,United States of America,Médio,False,40.395845,-111.850606,Utah
4.4,Direct Agents,51 to 200 employees,2003.0,Company - Private,Advertising & Marketing,Business Services,$25 to $50 million (USD),,Data engineer,99.5,Culver City,CA,United States of America,New York,United States of America,Pequeno,False,33.994927,-118.399115,California
3.3,NAVEX Global,1001 to 5000 employees,2012.0,Company - Private,Computer Hardware & Software,Information Technology,$100 to $500 million (USD),,Data scientist,99.5,Lake Oswego,OR,United States of America,Lake Oswego,United States of America,Grande,False,45.409263,-122.684721,Oregon
3.2,Triplebyte,51 to 200 employees,2015.0,Company - Private,Computer Hardware & Software,Information Technology,Unknown / Non-Applicable,,Machine learning engineer,99.5,Remote,,,San Francisco,United States of America,Pequeno,True,,,
3.2,Triplebyte,51 to 200 employees,2015.0,Company - Private,Computer Hardware & Software,Information Technology,Unknown / Non-Applicable,,Machine learning engineer,99.5,Remote,,,San Francisco,United States of America,Pequeno,True,,,
4.9,Lendio,201 to 500 employees,2011.0,Company - Private,Lending,Finance,$50 to $100 million (USD),Senior,Data engineer,99.5,Lehi,UT,United States of America,Lehi,United States of America,Médio,False,40.395845,-111.850606,Utah
4.2,Upstart,201 to 500 employees,2012.0,Company - Private,Lending,Finance,Unknown / Non-Applicable,,Data scientist,99.5,San Mateo,CA,United States of America,San Mateo,United States of America,Médio,False,37.572271,-122.320262,California
4.5,Envision LLC,201 to 500 employees,1994.0,Company - Private,Staffing & Outsourcing,Business Services,$25 to $50 million (USD),,Data analyst,99.5,San Francisco,CA,United States of America,Saint Louis,United States of America,Médio,False,37.775,-122.4183,California
4.8,AppLovin,201 to 500 employees,2012.0,Company - Private,Video Games,Media,Unknown / Non-Applicable,,Data engineer,99.5,Palo Alto,CA,United States of America,Palo Alto,United States of America,Médio,False,37.444324,-122.149685,California
3.8,ISO New England,501 to 1000 employees,1997.0,Nonprofit Organization,Utilities,"Oil, Gas, Energy & Utilities",Unknown / Non-Applicable,,outro,99.5,Holyoke,MA,United States of America,Holyoke,United States of America,Médio,False,42.202007,-72.626193,Massachusetts
3.7,Relativity,1001 to 5000 employees,2001.0,Company - Private,Enterprise Software & Network Solutions,Information Technology,Unknown / Non-Applicable,,Data engineer,99.5,Chicago,IL,United States of America,Chicago,United States of America,Grande,False,41.885847,-87.618123,Illinois
3.3,Tempo Automation,51 to 200 employees,2013.0,Company - Private,Electrical & Electronic Manufacturing,Manufacturing,$5 to $10 million (USD),Senior,Data scientist,99.5,San Francisco,CA,United States of America,San Francisco,United States of America,Pequeno,False,37.775,-122.4183,California
3.3,MITRE,5001 to 10000 employees,1958.0,Nonprofit Organization,Federal Agencies,Government,$1 to $2 billion (USD),,Data scientist,99.5,McLean,VA,United States of America,Bedford,United States of America,Grande,False,,,
5.0,"Expedition Technology, Inc.",1 to 50 employees,2013.0,Company - Private,Aerospace & Defense,Aerospace & Defense,$10 to $25 million (USD),,Machine learning engineer,99.5,Herndon,VA,United States of America,Dulles,United States of America,Pequeno,False,38.9764,-77.3839,Virginia
3.8,Evidera,501 to 1000 employees,2013.0,Subsidiary or Business Segment,Biotech & Pharmaceuticals,Biotech & Pharmaceuticals,$100 to $500 million (USD),,outro,99.5,Bethesda,MD,United States of America,Bethesda,United States of America,Médio,False,38.9806,-77.1008,Maryland
3.4,Plymouth Rock Assurance,1001 to 5000 employees,1982.0,Company - Private,Insurance Carriers,Insurance,$10 to $25 million (USD),,Data scientist,99.5,Woodbridge,NJ,United States of America,Boston,United States of America,Grande,False,40.555973,-74.284542,New Jersey
2.4,Crown Bioscience,501 to 1000 employees,2006.0,Company - Private,Biotech & Pharmaceuticals,Biotech & Pharmaceuticals,$50 to $100 million (USD),,outro,99.5,San Diego,CA,United States of America,San Diego,United States of America,Médio,False,32.71852,-117.159316,California
2.9,GNS Healthcare,51 to 200 employees,2000.0,Company - Private,Biotech & Pharmaceuticals,Biotech & Pharmaceuticals,$10 to $25 million (USD),,Data scientist,99.5,Cambridge,MA,United States of America,Cambridge,United States of America,Pequeno,False,42.377045,-71.125611,Massachusetts
4.4,OneMagnify,201 to 500 employees,1967.0,Company - Private,Advertising & Marketing,Business Services,Unknown / Non-Applicable,Manager,outro,99.5,Dearborn,MI,United States of America,Detroit,United States of America,Médio,False,42.305295,-83.160488,Michigan
2.9,SPECTRUM,10000+ employees,2016.0,Subsidiary or Business Segment,"Cable, Internet & Telephone Providers",Telecommunications,$10+ billion (USD),,Data scientist,99.5,Maryland Heights,MO,United States of America,Stamford,United States of America,Corporação,False,38.722896,-90.447403,Missouri
2.7,Advanced BioScience Laboratories,201 to 500 employees,1961.0,Company - Private,Biotech & Pharmaceuticals,Biotech & Pharmaceuticals,$50 to $100 million (USD),Principal,outro,99.5,Rockville,MD,United States of America,Rockville,United States of America,Médio,False,39.0838,-77.153,Maryland
4.2,Procore Technologies,1001 to 5000 employees,2002.0,Company - Private,Computer Hardware & Software,Information Technology,Unknown / Non-Applicable,,Data engineer,99.5,Carpinteria,CA,United States of America,Carpinteria,United States of America,Grande,False,34.403589,-119.518257,California
3.5,Ritedose,201 to 500 employees,1995.0,Company - Private,Biotech & Pharmaceuticals,Biotech & Pharmaceuticals,$100 to $500 million (USD),Senior,outro,99.5,Columbia,SC,United States of America,Columbia,United States of America,Médio,False,34.072613,-81.179617,South Carolina
,Covid-19 Search Partners,,,,,,,,outro,99.5,Hauppauge,NY,United States of America,,,,False,40.823069,-73.195762,New York
4.2,bioMérieux,10000+ employees,1963.0,Company - Private,Biotech & Pharmaceuticals,Biotech & Pharmaceuticals,$2 to $5 billion (USD),Senior,Data scientist,99.5,Saint Louis,MO,United States of America,Marcy-l'Etoile,France,Corporação,False,38.642574,-90.324189,Missouri
4.5,Novetta,501 to 1000 employees,2012.0,Company - Private,Enterprise Software & Network Solutions,Information Technology,$100 to $500 million (USD),,Data scientist,133.0,Herndon,VA,United States of America,Mc Lean,United States of America,Médio,False,38.9764,-77.3839,Virginia
4.4,Guzman & Griffin Technologies (GGTI),1 to 50 employees,1997.0,Company - Private,Federal Agencies,Government,Unknown / Non-Applicable,,Data scientist,133.0,Washington,DC,United States of America,Mays Landing,United States of America,Pequeno,False,38.912217,-77.017691,District of Columbia
,Radical Convergence,,,,,,,,Machine learning engineer,133.0,Reston,VA,United States of America,,,,False,38.96,-77.3456,Virginia
3.5,Leidos,10000+ employees,1969.0,Company - Public,Aerospace & Defense,Aerospace & Defense,$10+ billion (USD),,Data scientist,133.0,Fort Meade,MD,United States of America,Reston,United States of America,Corporação,False,,,
4.5,Demandbase,201 to 500 employees,2006.0,Company - Private,Computer Hardware & Software,Information Technology,$100 to $500 million (USD),,Data scientist,133.0,San Francisco,CA,United States of America,San Francisco,United States of America,Médio,False,37.775,-122.4183,California
4.1,Shelter Insurance,1001 to 5000 employees,1946.0,Company - Private,Insurance Carriers,Insurance,$1 to $2 billion (USD),,Data analyst,133.0,Columbia,MO,United States of America,Columbia,United States of America,Grande,False,38.938176,-92.304865,Missouri
3.5,Maxar Technologies,5001 to 10000 employees,,Company - Public,Aerospace & Defense,Aerospace & Defense,$2 to $5 billion (USD),,Data scientist,133.0,Chantilly,VA,United States of America,Westminster,United States of America,Grande,False,38.8865,-77.4393,Virginia
2.7,USAC,501 to 1000 employees,1997.0,Nonprofit Organization,Telecommunications Services,Telecommunications,$25 to $50 million (USD),,Data analyst,133.0,Washington,DC,United States of America,Washington,United States of America,Médio,False,38.912217,-77.017691,District of Columbia
3.4,General Dynamics Information Technology,10000+ employees,1996.0,Subsidiary or Business Segment,IT Services,Information Technology,$10+ billion (USD),,outro,133.0,Vicksburg,MS,United States of America,Fairfax,United States of America,Corporação,False,32.325824,-90.85065,Mississippi
4.4,Offerpad,201 to 500 employees,2015.0,Company - Private,Real Estate,Real Estate,Unknown / Non-Applicable,,Data scientist,133.0,Chandler,AZ,United States of America,Chandler,United States of America,Médio,False,33.330091,-111.863156,Arizona
4.0,Autodesk,5001 to 10000 employees,1982.0,Company - Public,Computer Hardware & Software,Information Technology,$2 to $5 billion (USD),Senior,Data analyst,133.0,San Francisco,CA,United States of America,San Rafael,United States of America,Grande,False,37.775,-122.4183,California
4.2,Autodesk,5001 to 10000 employees,1968.0,Company - Public,Research & Development,Business Services,$1 to $2 billion (USD),Senior,Data analyst,133.0,San Francisco,CA,United States of America,Herndon,United States of America,Grande,False,37.775,-122.4183,California
3.5,Magna International Inc.,10000+ employees,1957.0,Company - Public,,,$10+ billion (USD),,Data engineer,133.0,Birmingham,AL,United States of America,Aurora,Canada,Corporação,False,33.519,-86.8014,Alabama
2.3,United BioSource,1001 to 5000 employees,2003.0,Other Organization,Biotech & Pharmaceuticals,Biotech & Pharmaceuticals,$100 to $500 million (USD),Senior,Data analyst,133.0,Blue Bell,PA,United States of America,Blue Bell,United States of America,Grande,False,40.15939,-75.279656,Pennsylvania
3.4,Kelly,5001 to 10000 employees,1946.0,Company - Public,Staffing & Outsourcing,Business Services,$5 to $10 billion (USD),,Data scientist,133.0,Chicago,IL,United States of America,Troy,United States of America,Grande,False,41.885847,-87.618123,Illinois
3.3,Tempus Labs,501 to 1000 employees,2015.0,Company - Private,Biotech & Pharmaceuticals,Biotech & Pharmaceuticals,Unknown / Non-Applicable,,outro,133.0,Redwood City,CA,United States of America,Chicago,United States of America,Médio,False,37.464661,-122.230406,California
4.7,C3.ai,201 to 500 employees,2009.0,Company - Private,Enterprise Software & Network Solutions,Information Technology,$100 to $500 million (USD),,Data scientist,133.0,Redwood City,CA,United States of America,Redwood City,United States of America,Médio,False,37.464661,-122.230406,California
3.9,Quartet Health,201 to 500 employees,2014.0,Company - Private,Enterprise Software & Network Solutions,Information Technology,Unknown / Non-Applicable,Senior,Data scientist,133.0,New York,NY,United States of America,New York,United States of America,Médio,False,40.74838,-73.996705,New York
3.3,Midland Credit Management,1001 to 5000 employees,1953.0,Subsidiary or Business Segment,Banks & Credit Unions,Finance,$1 to $2 billion (USD),,Data analyst,133.0,San Diego,CA,United States of America,San Diego,United States of America,Grande,False,32.71852,-117.159316,California
3.3,Tempus Labs,501 to 1000 employees,2015.0,Company - Private,Biotech & Pharmaceuticals,Biotech & Pharmaceuticals,Unknown / Non-Applicable,Senior,outro,133.0,Chicago,IL,United States of America,Chicago,United States of America,Médio,False,41.885847,-87.618123,Illinois
4.4,Resurgent Capital Services,201 to 500 employees,1998.0,Company - Private,Venture Capital & Private Equity,Finance,$50 to $100 million (USD),,Data engineer,133.0,Cincinnati,OH,United States of America,Greenville,United States of America,Médio,False,39.091293,-84.277383,Ohio
3.7,PNNL,1001 to 5000 employees,1965.0,Government,Energy,"Oil, Gas, Energy & Utilities",$500 million to $1 billion (USD),,Data scientist,76.5,Richland,WA,United States of America,Richland,United States of America,Grande,False,46.283265,-119.289201,Washington
3.5,Buckman,1001 to 5000 employees,1945.0,Company - Private,Chemical Manufacturing,Manufacturing,$500 million to $1 billion (USD),,Data scientist,76.5,Memphis,TN,United States of America,Memphis,United States of America,Grande,False,35.0337,-89.9343,Tennessee
3.6,Buckman,501 to 1000 employees,1967.0,Nonprofit Organization,Federal Agencies,Government,$50 to $100 million (USD),,Machine learning engineer,76.5,Memphis,TN,United States of America,Arlington,United States of America,Médio,False,35.0337,-89.9343,Tennessee
3.8,Evidera,501 to 1000 employees,2013.0,Subsidiary or Business Segment,Biotech & Pharmaceuticals,Biotech & Pharmaceuticals,$100 to $500 million (USD),,outro,76.5,Bethesda,MD,United States of America,Bethesda,United States of America,Médio,False,38.9806,-77.1008,Maryland
4.7,webfx.com,201 to 500 employees,1997.0,Company - Private,Advertising & Marketing,Business Services,$25 to $50 million (USD),Junior,Data analyst,76.5,Harrisburg,PA,United States of America,Harrisburg,United States of America,Médio,False,40.261767,-76.883079,Pennsylvania
3.5,Argo Group US,1001 to 5000 employees,1948.0,Company - Public,Insurance Carriers,Insurance,$1 to $2 billion (USD),Senior,Data scientist,76.5,New York,NY,United States of America,Hamilton,Bermuda,Grande,False,40.74838,-73.996705,New York
3.3,BWX Technologies,5001 to 10000 employees,1850.0,Company - Public,Aerospace & Defense,Aerospace & Defense,$500 million to $1 billion (USD),,Data scientist,76.5,Oak Ridge,TN,United States of America,Lynchburg,United States of America,Grande,False,36.01588,-84.262297,Tennessee
3.9,Life360,51 to 200 employees,2008.0,Company - Public,Internet,Information Technology,Unknown / Non-Applicable,Senior,Data analyst,76.5,San Francisco,CA,United States of America,San Francisco,United States of America,Pequeno,False,37.775,-122.4183,California
3.7,MassMutual,5001 to 10000 employees,1851.0,Company - Private,Insurance Carriers,Insurance,$10+ billion (USD),Lead,Data scientist,76.5,Boston,MA,United States of America,Springfield,United States of America,Grande,False,42.357603,-71.068432,Massachusetts
3.9,Natera,501 to 1000 employees,2004.0,Company - Public,Biotech & Pharmaceuticals,Biotech & Pharmaceuticals,$100 to $500 million (USD),,outro,76.5,San Carlos,CA,United States of America,San Carlos,United States of America,Médio,False,37.496859,-122.267356,California
4.0,Genentech,10000+ employees,1976.0,Subsidiary or Business Segment,Biotech & Pharmaceuticals,Biotech & Pharmaceuticals,$10+ billion (USD),,outro,76.5,South San Francisco,CA,United States of America,South San Francisco,United States of America,Corporação,False,37.65382,-122.4347,California
4.2,Ntrepid,201 to 500 employees,2010.0,Company - Private,IT Services,Information Technology,$50 to $100 million (USD),,outro,76.5,Herndon,VA,United States of America,Herndon,United States of America,Médio,False,38.9764,-77.3839,Virginia
3.6,Constant Contact,Unknown,1995.0,Subsidiary or Business Segment,Advertising & Marketing,Business Services,Unknown / Non-Applicable,Principal,Data scientist,76.5,Waltham,MA,United States of America,Waltham,United States of America,,False,42.3954,-71.2508,Massachusetts
4.7,Sage Intacct,501 to 1000 employees,1999.0,Subsidiary or Business Segment,Computer Hardware & Software,Information Technology,Unknown / Non-Applicable,Principal,outro,76.5,San Francisco,CA,United States of America,San Jose,United States of America,Médio,False,37.775,-122.4183,California
4.1,Shape Security,51 to 200 employees,2011.0,Company - Private,IT Services,Information Technology,Unknown / Non-Applicable,,Data engineer,76.5,Santa Clara,CA,United States of America,Mountain View,United States of America,Pequeno,False,37.34732,-121.954079,California
4.0,AstraZeneca,10000+ employees,1913.0,Company - Public,Biotech & Pharmaceuticals,Biotech & Pharmaceuticals,$10+ billion (USD),Principal,Data scientist,76.5,Gaithersburg,MD,United States of America,Cambridge,United Kingdom,Corporação,False,39.14187,-77.188993,Maryland
5.0,SkillSoniq,Unknown,,Company - Public,,,Unknown / Non-Applicable,,Data scientist,76.5,San Francisco,CA,United States of America,Jersey City,United States of America,,False,37.775,-122.4183,California
4.0,AstraZeneca,10000+ employees,1913.0,Company - Public,Biotech & Pharmaceuticals,Biotech & Pharmaceuticals,$10+ billion (USD),Senior,Data scientist,76.5,New York,NY,United States of America,Cambridge,United Kingdom,Corporação,False,40.74838,-73.996705,New York
4.3,Joby Aviation,51 to 200 employees,,Company - Private,,,Unknown / Non-Applicable,,Data scientist,76.5,San Carlos,CA,United States of America,Santa Cruz,United States of America,Pequeno,False,37.496859,-122.267356,California
3.8,Cook Children's Health Care System,5001 to 10000 employees,1918.0,Nonprofit Organization,Health Care Services & Hospitals,Health Care,$100 to $500 million (USD),Senior,Data analyst,76.5,Fort Worth,TX,United States of America,Fort Worth,United States of America,Grande,False,32.7469,-97.3268,Texas
3.8,Rubius Therapeutics,201 to 500 employees,2013.0,Company - Public,Biotech & Pharmaceuticals,Biotech & Pharmaceuticals,$100 to $500 million (USD),Junior,outro,76.5,Smithfield,RI,United States of America,Cambridge,United States of America,Médio,False,41.896382,-71.520666,Rhode Island
4.6,GreatAmerica Financial Services,501 to 1000 employees,1992.0,Company - Private,Lending,Finance,$100 to $500 million (USD),,Data analyst,76.5,Cedar Rapids,IA,United States of America,Cedar Rapids,United States of America,Médio,False,41.9743,-91.655382,Iowa
4.1,Upside Business Travel,51 to 200 employees,2015.0,Company - Private,Internet,Information Technology,Unknown / Non-Applicable,,Data scientist,92.5,Remote,,,Washington,United States of America,Pequeno,True,,,
3.4,Spectrum Communications and Consulting,51 to 200 employees,1992.0,Company - Private,Advertising & Marketing,Business Services,$10 to $25 million (USD),,Data scientist,92.5,Chicago,IL,United States of America,Chicago,United States of America,Pequeno,False,41.885847,-87.618123,Illinois
4.1,Coverent,51 to 200 employees,2008.0,Company - Private,Consulting,Business Services,$10 to $25 million (USD),,Data scientist,92.5,McLean,VA,United States of America,McLean,United States of America,Pequeno,False,,,
3.7,Mteq,501 to 1000 employees,1954.0,Company - Public,Aerospace & Defense,Aerospace & Defense,$100 to $500 million (USD),,Machine learning engineer,92.5,Fort Belvoir,VA,United States of America,Lorton,United States of America,Médio,False,38.694699,-77.143315,Virginia
4.4,Rocket Lawyer,51 to 200 employees,2008.0,Company - Private,Computer Hardware & Software,Information Technology,$50 to $100 million (USD),,Data engineer,92.5,San Francisco,CA,United States of America,San Francisco,United States of America,Pequeno,False,37.775,-122.4183,California
3.9,Novartis,10000+ employees,1996.0,Company - Public,Biotech & Pharmaceuticals,Biotech & Pharmaceuticals,$10+ billion (USD),Senior,Data scientist,92.5,Cambridge,MA,United States of America,Basel,Switzerland,Corporação,False,42.377045,-71.125611,Massachusetts
3.6,Alion Science & Technology,1001 to 5000 employees,2001.0,Company - Private,Research & Development,Business Services,$1 to $2 billion (USD),,Data engineer,92.5,Linthicum Heights,MD,United States of America,Mc Lean,United States of America,Grande,False,39.208331,-76.657477,Maryland
4.5,Novetta,501 to 1000 employees,2012.0,Company - Private,Enterprise Software & Network Solutions,Information Technology,$100 to $500 million (USD),,outro,92.5,Herndon,VA,United States of America,Mc Lean,United States of America,Médio,False,38.9764,-77.3839,Virginia
3.7,Protolabs,1001 to 5000 employees,1999.0,Company - Public,Miscellaneous Manufacturing,Manufacturing,$100 to $500 million (USD),Senior,outro,92.5,Maple Plain,MN,United States of America,Maple Plain,United States of America,Grande,False,45.0079,-93.6542,Minnesota
2.9,Quest Integrity,201 to 500 employees,1996.0,Company - Public,Oil & Gas Services,"Oil, Gas, Energy & Utilities",$50 to $100 million (USD),,Data analyst,92.5,Tulsa,OK,United States of America,Kent,United States of America,Médio,False,36.05566,-96.060229,Oklahoma
5.0,Phoenix Operations Group,1 to 50 employees,2011.0,Company - Private,IT Services,Information Technology,$1 to $5 million (USD),,Data scientist,92.5,Annapolis Junction,MD,United States of America,Woodbine,United States of America,Pequeno,False,39.130983,-76.798068,Maryland
3.4,Dice.com,201 to 500 employees,1990.0,Subsidiary or Business Segment,Staffing & Outsourcing,Business Services,$100 to $500 million (USD),,Data scientist,92.5,Newton,MA,United States of America,Denver,United States of America,Médio,False,42.3545,-71.1877,Massachusetts
3.5,Maxar Technologies,5001 to 10000 employees,,Company - Public,Aerospace & Defense,Aerospace & Defense,$2 to $5 billion (USD),Senior,Data scientist,92.5,Herndon,VA,United States of America,Westminster,United States of America,Grande,False,38.9764,-77.3839,Virginia
5.0,Phoenix Operations Group,1 to 50 employees,2011.0,Company - Private,IT Services,Information Technology,$1 to $5 million (USD),,Data scientist,92.5,Baltimore,MD,United States of America,Woodbine,United States of America,Pequeno,False,39.17185,-76.648287,Maryland
4.8,Klaviyo,201 to 500 employees,2012.0,Company - Private,Computer Hardware & Software,Information Technology,Unknown / Non-Applicable,,Software engineer,92.5,Boston,MA,United States of America,Boston,United States of America,Médio,False,42.357603,-71.068432,Massachusetts
3.9,Southwest Research Institute,1001 to 5000 employees,1947.0,Nonprofit Organization,Research & Development,Business Services,$500 million to $1 billion (USD),,outro,92.5,Oklahoma City,OK,United States of America,San Antonio,United States of America,Grande,False,35.3337,-97.4922,Oklahoma
4.0,AstraZeneca,10000+ employees,1913.0,Company - Public,Biotech & Pharmaceuticals,Biotech & Pharmaceuticals,$10+ billion (USD),,Data scientist,92.5,Gaithersburg,MD,United States of America,Cambridge,United Kingdom,Corporação,False,39.14187,-77.188993,Maryland
4.3,The Buffalo Group,501 to 1000 employees,2010.0,Company - Private,IT Services,Information Technology,$100 to $500 million (USD),Senior,Data analyst,92.5,Fort Belvoir,VA,United States of America,Reston,United States of America,Médio,False,38.694699,-77.143315,Virginia
3.5,Central California Alliance for Health,501 to 1000 employees,1996.0,Nonprofit Organization,Health Care Services & Hospitals,Health Care,$500 million to $1 billion (USD),Manager,outro,92.5,Scotts Valley,CA,United States of America,Scotts Valley,United States of America,Médio,False,37.057841,-122.014961,California
3.7,MassMutual,5001 to 10000 employees,1851.0,Company - Private,Insurance Carriers,Insurance,$10+ billion (USD),,outro,92.5,Boston,MA,United States of America,Springfield,United States of America,Grande,False,42.357603,-71.068432,Massachusetts
3.3,Tempus Labs,501 to 1000 employees,2015.0,Company - Private,Biotech & Pharmaceuticals,Biotech & Pharmaceuticals,Unknown / Non-Applicable,Senior,outro,92.5,Redwood City,CA,United States of America,Chicago,United States of America,Médio,False,37.464661,-122.230406,California
3.1,Security Finance Corporation of Spartanburg,1001 to 5000 employees,1955.0,Company - Private,Lending,Finance,Unknown / Non-Applicable,,Data analyst,92.5,Spartanburg,SC,United States of America,Spartanburg,United States of America,Grande,False,34.935211,-81.965377,South Carolina
4.3,PulsePoint,51 to 200 employees,2011.0,Company - Private,Internet,Information Technology,$100 to $500 million (USD),,Data scientist,97.0,New York,NY,United States of America,New York,United States of America,Pequeno,False,40.74838,-73.996705,New York
4.2,LSQ,51 to 200 employees,1996.0,Company - Private,Investment Banking & Asset Management,Finance,$100 to $500 million (USD),,Data scientist,97.0,Orlando,FL,United States of America,Orlando,United States of America,Pequeno,False,28.498821,-80.58248,Florida
4.4,Resurgent Capital Services,201 to 500 employees,1998.0,Company - Private,Venture Capital & Private Equity,Finance,$50 to $100 million (USD),,Data engineer,97.0,Cincinnati,OH,United States of America,Greenville,United States of America,Médio,False,39.091293,-84.277383,Ohio
3.6,Opendoor,501 to 1000 employees,2014.0,Company - Private,Real Estate,Real Estate,$2 to $5 billion (USD),Principal,Data scientist,97.0,San Francisco,CA,United States of America,San Francisco,United States of America,Médio,False,37.775,-122.4183,California
4.5,Global Data Management Inc,51 to 200 employees,2008.0,Company - Private,IT Services,Information Technology,$5 to $10 million (USD),,Data scientist,97.0,Hartford,CT,United States of America,Woodbridge,United States of America,Pequeno,False,41.7636,-72.6855,Connecticut
3.0,Photon Infotech,1001 to 5000 employees,1999.0,Company - Private,IT Services,Information Technology,$100 to $500 million (USD),,Data scientist,97.0,Chicago,IL,United States of America,Chennai,India,Grande,False,41.885847,-87.618123,Illinois
5.0,REE,51 to 200 employees,2018.0,Company - Private,Transportation Equipment Manufacturing,Manufacturing,Unknown / Non-Applicable,,Data scientist,97.0,United States,,,Tel Aviv-Yafo,Israel,Pequeno,False,,,
3.6,Riverside Research Institute,501 to 1000 employees,1967.0,Nonprofit Organization,Federal Agencies,Government,$50 to $100 million (USD),,Machine learning engineer,97.0,Beavercreek,OH,United States of America,Arlington,United States of America,Médio,False,,,
3.6,T. Rowe Price,5001 to 10000 employees,1937.0,Company - Public,Investment Banking & Asset Management,Finance,$2 to $5 billion (USD),,outro,97.0,Baltimore,MD,United States of America,Baltimore,United States of America,Grande,False,39.17185,-76.648287,Maryland
,"Encode, Inc.",1 to 50 employees,,Company - Private,IT Services,Information Technology,$5 to $10 million (USD),,Data scientist,97.0,Norfolk,VA,United States of America,Manalapan,United States of America,Pequeno,False,36.8466,-76.2855,Virginia
3.8,Evidera,501 to 1000 employees,2013.0,Subsidiary or Business Segment,Biotech & Pharmaceuticals,Biotech & Pharmaceuticals,$100 to $500 million (USD),,outro,97.0,Bethesda,MD,United States of America,Bethesda,United States of America,Médio,False,38.9806,-77.1008,Maryland
3.3,BWX Technologies,5001 to 10000 employees,1850.0,Company - Public,Aerospace & Defense,Aerospace & Defense,$500 million to $1 billion (USD),,Data scientist,97.0,Oak Ridge,TN,United States of America,Lynchburg,United States of America,Grande,False,36.01588,-84.262297,Tennessee
3.8,Brighthouse Financial,1001 to 5000 employees,2017.0,Company - Public,Insurance Carriers,Insurance,Unknown / Non-Applicable,,Data analyst,97.0,Charlotte,NC,United States of America,Charlotte,United States of America,Grande,False,35.2269,-80.8433,North Carolina
3.5,Argo Group US,1001 to 5000 employees,1948.0,Company - Public,Insurance Carriers,Insurance,$1 to $2 billion (USD),Senior,Data scientist,97.0,New York,NY,United States of America,Hamilton,Bermuda,Grande,False,40.74838,-73.996705,New York
3.3,II-VI Incorporated,10000+ employees,1971.0,Company - Public,Telecommunications Manufacturing,Telecommunications,$1 to $2 billion (USD),,Data scientist,97.0,Champaign,IL,United States of America,Saxonburg,United States of America,Corporação,False,40.111017,-88.240747,Illinois
4.6,Surya Systems,1 to 50 employees,,Company - Private,Computer Hardware & Software,Information Technology,Less than $1 million (USD),,Data scientist,97.0,San Francisco,CA,United States of America,Bristol,United States of America,Pequeno,False,37.775,-122.4183,California
3.8,PayPal,10000+ employees,1998.0,Company - Public,Internet,Information Technology,$10+ billion (USD),,Data scientist,97.0,Texas,,,San Jose,United States of America,Corporação,False,,,
3.9,Life360,51 to 200 employees,2008.0,Company - Public,Internet,Information Technology,Unknown / Non-Applicable,Senior,Data analyst,97.0,San Francisco,CA,United States of America,San Francisco,United States of America,Pequeno,False,37.775,-122.4183,California
3.9,Predictive Research Inc,1 to 50 employees,,Company - Private,Consulting,Business Services,Unknown / Non-Applicable,,Data scientist,97.0,Plano,TX,United States of America,Bangalore,India,Pequeno,False,33.054972,-96.736454,Texas
4.7,Oversight Systems,51 to 200 employees,2003.0,Company - Private,Computer Hardware & Software,Information Technology,$25 to $50 million (USD),,Data scientist,107.0,Atlanta,GA,United States of America,Atlanta,United States of America,Pequeno,False,33.749788,-84.31685,Georgia
4.8,Acuity Insurance,1001 to 5000 employees,1925.0,Company - Private,Insurance Carriers,Insurance,$1 to $2 billion (USD),Senior,Data scientist,107.0,Sheboygan,WI,United States of America,Sheboygan,United States of America,Grande,False,43.740981,-87.724667,Wisconsin
3.1,1010data,201 to 500 employees,2000.0,Company - Private,Computer Hardware & Software,Information Technology,$50 to $100 million (USD),,Data engineer,107.0,New York,NY,United States of America,New York,United States of America,Médio,False,40.74838,-73.996705,New York
3.6,Gigya,201 to 500 employees,2006.0,Company - Private,Enterprise Software & Network Solutions,Information Technology,$10 to $25 million (USD),,Data scientist,107.0,Palo Alto,CA,United States of America,Mountain View,United States of America,Médio,False,37.444324,-122.149685,California
5.0,Genesis Research,1 to 50 employees,2009.0,Company - Private,Biotech & Pharmaceuticals,Biotech & Pharmaceuticals,Unknown / Non-Applicable,,outro,107.0,Hoboken,NJ,United States of America,Hoboken,United States of America,Pequeno,False,40.7445,-74.032863,New Jersey
3.7,Sanofi,10000+ employees,1973.0,Company - Public,Biotech & Pharmaceuticals,Biotech & Pharmaceuticals,$10+ billion (USD),,Data scientist,107.0,Cambridge,MA,United States of America,Paris,France,Corporação,False,42.377045,-71.125611,Massachusetts
3.7,XPO Logistics,10000+ employees,2011.0,Company - Public,Transportation Management,Transportation & Logistics,$10+ billion (USD),,Data scientist,107.0,Lebanon,IN,United States of America,Greenwich,United States of America,Corporação,False,40.044894,-86.464074,Indiana
3.9,Trace Data,51 to 200 employees,2000.0,Company - Private,Insurance Carriers,Insurance,$10 to $25 million (USD),,Data scientist,107.0,Oakland,CA,United States of America,Santa Ana,United States of America,Pequeno,False,37.780595,-122.216587,California
4.3,Descript,1 to 50 employees,,Company - Private,,,Less than $1 million (USD),,Data scientist,107.0,San Francisco,CA,United States of America,Houston,United States of America,Pequeno,False,37.775,-122.4183,California
4.2,Rincon Research Corporation,201 to 500 employees,1983.0,Company - Private,Aerospace & Defense,Aerospace & Defense,$50 to $100 million (USD),,outro,107.0,Melbourne,FL,United States of America,Tucson,United States of America,Médio,False,28.069132,-80.620015,Florida
3.7,MassMutual,5001 to 10000 employees,1851.0,Company - Private,Insurance Carriers,Insurance,$10+ billion (USD),Lead,Data scientist,107.0,Boston,MA,United States of America,Springfield,United States of America,Grande,False,42.357603,-71.068432,Massachusetts
4.0,Better Hire,1 to 50 employees,,Company - Private,,,Unknown / Non-Applicable,,Data scientist,107.0,Birmingham,AL,United States of America,Birmingham,United States of America,Pequeno,False,33.519,-86.8014,Alabama
3.3,Parker Hannifin,10000+ employees,1917.0,Company - Public,Industrial Manufacturing,Manufacturing,$10+ billion (USD),,Data scientist,107.0,Cleveland,OH,United States of America,Cleveland,United States of America,Corporação,False,41.4918,-81.6757,Ohio
4.1,Gallup,1001 to 5000 employees,1935.0,Company - Private,Consulting,Business Services,Unknown / Non-Applicable,,Data scientist,107.0,New York,NY,United States of America,Washington,United States of America,Grande,False,40.74838,-73.996705,New York
3.3,Insider Inc,201 to 500 employees,2007.0,Company - Private,News Outlet,Media,$50 to $100 million (USD),,Data scientist,107.0,New York,NY,United States of America,New York,United States of America,Médio,False,40.74838,-73.996705,New York
3.9,Rapid Value Solutions,201 to 500 employees,2009.0,Company - Private,IT Services,Information Technology,Unknown / Non-Applicable,,Data scientist,107.0,San Francisco,CA,United States of America,Pleasanton,United States of America,Médio,False,37.775,-122.4183,California
3.1,Battelle,10000+ employees,1929.0,Nonprofit Organization,Research & Development,Business Services,$5 to $10 billion (USD),,outro,107.0,Norwell,MA,United States of America,Columbus,United States of America,Corporação,False,42.159574,-70.82172,Massachusetts
4.2,Ntrepid,201 to 500 employees,2010.0,Company - Private,IT Services,Information Technology,$50 to $100 million (USD),,outro,107.0,Herndon,VA,United States of America,Herndon,United States of America,Médio,False,38.9764,-77.3839,Virginia
5.0,"The Drive Media, Inc.",Unknown,,Unknown,,,Unknown / Non-Applicable,,Data scientist,107.0,New York,NY,United States of America,,,,False,40.74838,-73.996705,New York
2.9,Affinity Solutions,51 to 200 employees,1998.0,Company - Private,Advertising & Marketing,Business Services,Unknown / Non-Applicable,Principal,Data engineer,107.0,San Jose,CA,United States of America,New York,United States of America,Pequeno,False,37.3894,-121.8868,California
4.7,Sage Intacct,501 to 1000 employees,1999.0,Subsidiary or Business Segment,Computer Hardware & Software,Information Technology,Unknown / Non-Applicable,Principal,outro,107.0,San Francisco,CA,United States of America,San Jose,United States of America,Médio,False,37.775,-122.4183,California
3.6,Constant Contact,Unknown,1995.0,Subsidiary or Business Segment,Advertising & Marketing,Business Services,Unknown / Non-Applicable,Principal,Data scientist,107.0,Waltham,MA,United States of America,Waltham,United States of America,,False,42.3954,-71.2508,Massachusetts
3.8,MIT Lincoln Laboratory,1001 to 5000 employees,1951.0,Nonprofit Organization,Aerospace & Defense,Aerospace & Defense,Unknown / Non-Applicable,,Data scientist,120.5,Lexington,MA,United States of America,Lexington,United States of America,Grande,False,42.4558,-71.2193,Massachusetts
3.3,Puget Sound Energy,1001 to 5000 employees,1999.0,Company - Private,Utilities,"Oil, Gas, Energy & Utilities",$2 to $5 billion (USD),Junior,Data scientist,120.5,Bothell,WA,United States of America,Bellevue,United States of America,Grande,False,47.749692,-122.2159,Washington
3.7,Pacific Northwest National Laboratory,1001 to 5000 employees,1965.0,Government,Energy,"Oil, Gas, Energy & Utilities",$500 million to $1 billion (USD),,Data scientist,120.5,Richland,WA,United States of America,Richland,United States of America,Grande,False,46.283265,-119.289201,Washington
3.8,Analysis Group,1001 to 5000 employees,1981.0,Private Practice / Firm,Consulting,Business Services,$100 to $500 million (USD),Director,outro,120.5,Boston,MA,United States of America,Boston,United States of America,Grande,False,42.357603,-71.068432,Massachusetts
3.2,US Pharmacopeia,1001 to 5000 employees,1820.0,Nonprofit Organization,Biotech & Pharmaceuticals,Biotech & Pharmaceuticals,$100 to $500 million (USD),,Data scientist,120.5,Rockville,MD,United States of America,Rockville,United States of America,Grande,False,39.0838,-77.153,Maryland
4.6,Itlize Global,201 to 500 employees,2010.0,Company - Private,IT Services,Information Technology,$10 to $25 million (USD),,Data scientist,120.5,Piscataway,NJ,United States of America,Piscataway,United States of America,Médio,False,40.55152,-74.458996,New Jersey
3.5,eBay,10000+ employees,1995.0,Company - Public,Internet,Information Technology,$10+ billion (USD),,Data scientist,120.5,San Jose,CA,United States of America,San Jose,United States of America,Corporação,False,37.3894,-121.8868,California
5.0,Paige,1 to 50 employees,2018.0,Company - Private,Enterprise Software & Network Solutions,Information Technology,Unknown / Non-Applicable,,Data engineer,120.5,New York,NY,United States of America,New York,United States of America,Pequeno,False,40.74838,-73.996705,New York
4.1,Shape Security,51 to 200 employees,2011.0,Company - Private,IT Services,Information Technology,Unknown / Non-Applicable,,Data engineer,120.5,Santa Clara,CA,United States of America,Mountain View,United States of America,Pequeno,False,37.34732,-121.954079,California
4.1,ABIOMED,1001 to 5000 employees,1981.0,Company - Public,Biotech & Pharmaceuticals,Biotech & Pharmaceuticals,$100 to $500 million (USD),Lead,outro,120.5,Danvers,MA,United States of America,Danvers,United States of America,Grande,False,42.569402,-70.942461,Massachusetts
3.5,Comcast,10000+ employees,1963.0,Company - Public,,,$10+ billion (USD),,Data scientist,120.5,New York,NY,United States of America,Philadelphia,United States of America,Corporação,False,40.74838,-73.996705,New York
3.2,"Metronome, LLC",51 to 200 employees,2011.0,Company - Private,IT Services,Information Technology,$10 to $25 million (USD),,Data scientist,120.5,Vienna,VA,United States of America,Fairfax,United States of America,Pequeno,False,38.893527,-77.253219,Virginia
5.0,SkillSoniq,Unknown,,Company - Public,,,Unknown / Non-Applicable,,Data scientist,120.5,San Francisco,CA,United States of America,Jersey City,United States of America,,False,37.775,-122.4183,California
4.7,Lawrence Livermore National Lab,1001 to 5000 employees,1952.0,Government,Federal Agencies,Government,$1 to $2 billion (USD),,Data scientist,120.5,Livermore,CA,United States of America,Livermore,United States of America,Grande,False,37.68299,-121.762983,California
3.8,FHLBank Pittsburgh,201 to 500 employees,1932.0,Company - Private,Banks & Credit Unions,Finance,$1 to $2 billion (USD),,Data analyst,120.5,Pittsburgh,PA,United States of America,Pittsburgh,United States of America,Médio,False,40.474536,-79.952524,Pennsylvania
3.6,Jacobs,10000+ employees,1947.0,Company - Public,Architectural & Engineering Services,Business Services,$10+ billion (USD),,Data scientist,120.5,Herndon,VA,United States of America,Dallas,United States of America,Corporação,False,38.9764,-77.3839,Virginia
4.8,Klaviyo,201 to 500 employees,2012.0,Company - Private,Computer Hardware & Software,Information Technology,Unknown / Non-Applicable,,Data scientist,120.5,Boston,MA,United States of America,Boston,United States of America,Médio,False,42.357603,-71.068432,Massachusetts
3.3,Underwriters Laboratories,10000+ employees,1894.0,Company - Private,Consulting,Business Services,$2 to $5 billion (USD),,Data scientist,120.5,Northbrook,IL,United States of America,Northbrook,United States of America,Corporação,False,42.125443,-87.846535,Illinois
3.7,Altus Group,1001 to 5000 employees,2005.0,Company - Public,Real Estate,Real Estate,$100 to $500 million (USD),,Data scientist,120.5,Irvine,CA,United States of America,Toronto,Canada,Grande,False,33.7357,-117.7672,California
5.0,Jobot,51 to 200 employees,2018.0,Company - Private,Staffing & Outsourcing,Business Services,$25 to $50 million (USD),,Data scientist,120.5,Irvine,CA,United States of America,Irvine,United States of America,Pequeno,False,33.7357,-117.7672,California
,Trovetechs Inc,Unknown,,Company - Private,,,Unknown / Non-Applicable,,Data scientist,120.5,San Francisco,CA,United States of America,Hillsborough,United States of America,,False,37.775,-122.4183,California
3.4,Edmunds.com,501 to 1000 employees,1966.0,Company - Private,Internet,Information Technology,$100 to $500 million (USD),Senior,Data scientist,183.0,Santa Monica,CA,United States of America,Santa Monica,United States of America,Médio,False,34.017628,-118.490708,California
5.0,Cohere Health,1 to 50 employees,2019.0,Company - Private,IT Services,Information Technology,Unknown / Non-Applicable,,Data scientist,183.0,Boston,MA,United States of America,Boston,United States of America,Pequeno,False,42.357603,-71.068432,Massachusetts
,Trovetechs Inc,Unknown,,Company - Private,,,Unknown / Non-Applicable,,Data scientist,183.0,San Francisco,CA,United States of America,Hillsborough,United States of America,,False,37.775,-122.4183,California
4.0,AstraZeneca,10000+ employees,1913.0,Company - Public,Biotech & Pharmaceuticals,Biotech & Pharmaceuticals,$10+ billion (USD),Senior,Data scientist,183.0,New York,NY,United States of America,Cambridge,United Kingdom,Corporação,False,40.74838,-73.996705,New York
4.2,Oshkosh Corporation,10000+ employees,1917.0,Company - Public,Transportation Equipment Manufacturing,Manufacturing,$5 to $10 billion (USD),,Data scientist,183.0,Oshkosh,WI,United States of America,Oshkosh,United States of America,Corporação,False,44.021962,-88.543635,Wisconsin
4.3,Joby Aviation,51 to 200 employees,,Company - Private,,,Unknown / Non-Applicable,,Data scientist,183.0,San Carlos,CA,United States of America,Santa Cruz,United States of America,Pequeno,False,37.496859,-122.267356,California
3.4,Mackin,51 to 200 employees,1960.0,Company - Private,Architectural & Engineering Services,Business Services,$10 to $25 million (USD),,Data scientist,183.0,Menlo Park,CA,United States of America,Pittsburgh,United States of America,Pequeno,False,37.453401,-122.179136,California
,PETADATA,51 to 200 employees,,Company - Private,,,Unknown / Non-Applicable,,Data scientist,183.0,San Francisco,CA,United States of America,Fremont,United States of America,Pequeno,False,37.775,-122.4183,California
4.4,VBeyond Corporation,201 to 500 employees,2006.0,Company - Private,Staffing & Outsourcing,Business Services,$5 to $10 million (USD),,Data scientist,183.0,Dallas,TX,United States of America,Hillsborough,United States of America,Médio,False,32.996848,-96.792113,Texas
3.5,Leidos,10000+ employees,1969.0,Company - Public,Aerospace & Defense,Aerospace & Defense,$10+ billion (USD),,Data scientist,183.0,Arlington,VA,United States of America,Reston,United States of America,Corporação,False,38.887103,-77.093197,Virginia
3.7,Take-Two,1001 to 5000 employees,1993.0,Company - Public,Video Games,Media,$1 to $2 billion (USD),,Data scientist,183.0,San Francisco,CA,United States of America,New York,United States of America,Grande,False,37.775,-122.4183,California
3.7,Colony Brands,501 to 1000 employees,,Company - Private,Food & Beverage Stores,Retail,$100 to $500 million (USD),,Data scientist,183.0,Monroe,WI,United States of America,Monroe,United States of America,Médio,False,42.599076,-89.6403,Wisconsin
4.1,Capio Group,10000+ employees,,Hospital,Health Care Services & Hospitals,Health Care,Unknown / Non-Applicable,,Data scientist,183.0,Sacramento,CA,United States of America,Goteborg,Sweden,Corporação,False,38.5816,-121.4933,California
3.4,SleePare,1 to 50 employees,2017.0,Company - Private,Other Retail Stores,Retail,Unknown / Non-Applicable,,Data scientist,183.0,New York,NY,United States of America,New York,United States of America,Pequeno,False,40.74838,-73.996705,New York
4.5,ShorePoint,1 to 50 employees,2017.0,Company - Private,IT Services,Information Technology,Unknown / Non-Applicable,,Data analyst,183.0,Reston,VA,United States of America,Washington,United States of America,Pequeno,False,38.96,-77.3456,Virginia
3.5,Dolphin,1001 to 5000 employees,1990.0,Company - Private,"Hotels, Motels, & Resorts",Travel & Tourism,Unknown / Non-Applicable,,Data scientist,183.0,New York,NY,United States of America,Lake Buena Vista,United States of America,Grande,False,40.74838,-73.996705,New York
3.6,TE Connectivity,10000+ employees,2007.0,Company - Public,Electrical & Electronic Manufacturing,Manufacturing,$10+ billion (USD),,Data scientist,183.0,Hampton,VA,United States of America,Schaffhausen,Switzerland,Corporação,False,37.0065,-76.413,Virginia
3.2,State of Virginia,10000+ employees,1788.0,Government,State & Regional Agencies,Government,$10+ billion (USD),,Data scientist,183.0,Richmond,VA,United States of America,Richmond,United States of America,Corporação,False,37.453158,-77.469798,Virginia
3.7,TA Digital,501 to 1000 employees,2000.0,Company - Private,Computer Hardware & Software,Information Technology,$25 to $50 million (USD),,Data scientist,183.0,New York,NY,United States of America,Newark,United States of America,Médio,False,40.74838,-73.996705,New York
4.0,Market America Inc,501 to 1000 employees,1992.0,Company - Private,Other Retail Stores,Retail,$100 to $500 million (USD),,Data scientist,183.0,Monterey,CA,United States of America,Greensboro,United States of America,Médio,False,36.595642,-121.8848,California
3.2,Triplebyte,51 to 200 employees,2015.0,Company - Private,Computer Hardware & Software,Information Technology,Unknown / Non-Applicable,,Data scientist,185.0,Chicago,IL,United States of America,San Francisco,United States of America,Pequeno,False,41.885847,-87.618123,Illinois
4.5,Kingfisher Systems,51 to 200 employees,2005.0,Company - Private,Federal Agencies,Government,$25 to $50 million (USD),,Data scientist,185.0,McLean,VA,United States of America,Falls Church,United States of America,Pequeno,False,,,
3.4,TrueAccord,51 to 200 employees,2013.0,Company - Private,Enterprise Software & Network Solutions,Information Technology,Unknown / Non-Applicable,Director,outro,185.0,Remote,,,San Francisco,United States of America,Pequeno,True,,,
3.9,ALTA IT Services,201 to 500 employees,2004.0,Company - Private,IT Services,Information Technology,$10 to $25 million (USD),,Data scientist,185.0,Woodlawn,MD,United States of America,Rockville,United States of America,Médio,False,,,
3.2,Kollasoft Inc.,1 to 50 employees,,Company - Private,IT Services,Information Technology,$1 to $5 million (USD),,Data scientist,185.0,United States,,,Scottsdale,United States of America,Pequeno,False,,,
5.0,Kollasoft Inc.,Unknown,,Company - Public,,,Unknown / Non-Applicable,,Data scientist,185.0,New York,NY,United States of America,Irving,United States of America,,False,40.74838,-73.996705,New York
3.4,ASRC Federal Holding Company,5001 to 10000 employees,2003.0,Company - Private,Aerospace & Defense,Aerospace & Defense,$500 million to $1 billion (USD),,Data scientist,185.0,Reston,VA,United States of America,Beltsville,United States of America,Grande,False,38.96,-77.3456,Virginia
4.4,Adwait Algorithm,51 to 200 employees,2015.0,Company - Private,IT Services,Information Technology,Unknown / Non-Applicable,,Data scientist,185.0,New York,NY,United States of America,Houston,United States of America,Pequeno,False,40.74838,-73.996705,New York
3.8,Cook Children's Health Care System,5001 to 10000 employees,1918.0,Nonprofit Organization,Health Care Services & Hospitals,Health Care,$100 to $500 million (USD),Senior,Data analyst,185.0,Fort Worth,TX,United States of America,Fort Worth,United States of America,Grande,False,32.7469,-97.3268,Texas
3.8,Rubius Therapeutics,201 to 500 employees,2013.0,Company - Public,Biotech & Pharmaceuticals,Biotech & Pharmaceuticals,$100 to $500 million (USD),Junior,outro,185.0,Smithfield,RI,United States of America,Cambridge,United States of America,Médio,False,41.896382,-71.520666,Rhode Island
3.5,Cambridge FX,201 to 500 employees,1992.0,Company - Public,Financial Transaction Processing,Finance,$100 to $500 million (USD),,Data scientist,185.0,Atlanta,GA,United States of America,Toronto,Canada,Médio,False,33.749788,-84.31685,Georgia
3.8,Metromile,201 to 500 employees,2011.0,Company - Private,Insurance Carriers,Insurance,Unknown / Non-Applicable,Senior,Data scientist,185.0,San Francisco,CA,United States of America,San Francisco,United States of America,Médio,False,37.775,-122.4183,California
3.9,Criteo,1001 to 5000 employees,2005.0,Company - Public,Internet,Information Technology,$2 to $5 billion (USD),,Data scientist,185.0,Ann Arbor,MI,United States of America,Paris,France,Grande,False,42.279379,-83.783998,Michigan
3.4,Advance Sourcing Concepts,51 to 200 employees,,Company - Private,,,$1 to $5 million (USD),,Data scientist,185.0,Pittsburgh,PA,United States of America,Pittsburgh,United States of America,Pequeno,False,40.474536,-79.952524,Pennsylvania
3.8,Enterprise Solutions Inc,51 to 200 employees,2000.0,Company - Private,Staffing & Outsourcing,Business Services,$25 to $50 million (USD),,Data scientist,185.0,New York,NY,United States of America,Naperville,United States of America,Pequeno,False,40.74838,-73.996705,New York
4.6,GreatAmerica Financial Services,501 to 1000 employees,1992.0,Company - Private,Lending,Finance,$100 to $500 million (USD),,Data analyst,185.0,Cedar Rapids,IA,United States of America,Cedar Rapids,United States of America,Médio,False,41.9743,-91.655382,Iowa
,Microagility,1 to 50 employees,,Company - Private,Consulting,Business Services,$1 to $5 million (USD),,Data scientist,185.0,New York,NY,United States of America,Princeton,United States of America,Pequeno,False,40.74838,-73.996705,New York
4.6,"Conch Technologies, Inc",51 to 200 employees,,Company - Private,Consulting,Business Services,$5 to $10 million (USD),,Data scientist,185.0,Concord,CA,United States of America,Memphis,United States of America,Pequeno,False,37.950434,-122.026296,California
3.9,GSK,10000+ employees,1830.0,Company - Public,Biotech & Pharmaceuticals,Biotech & Pharmaceuticals,$10+ billion (USD),,outro,185.0,Richmond,VA,United States of America,Brentford,United Kingdom,Corporação,False,37.453158,-77.469798,Virginia
,"Rainmaker Resources, LLC",1 to 50 employees,,Company - Private,,,Unknown / Non-Applicable,,Data scientist,185.0,Cincinnati,OH,United States of America,Cincinnati,United States of America,Pequeno,False,39.091293,-84.277383,Ohio
3.7,GovTech,1001 to 5000 employees,2016.0,Government,Federal Agencies,Government,Unknown / Non-Applicable,,Data scientist,113.0,San Francisco,CA,United States of America,Singapore,Singapore,Grande,False,37.775,-122.4183,California
3.3,Intellectual Ventures,501 to 1000 employees,2000.0,Company - Private,Investment Banking & Asset Management,Finance,Unknown / Non-Applicable,,Data scientist,113.0,Bellevue,WA,United States of America,Bellevue,United States of America,Médio,False,47.619899,-122.207371,Washington
4.4,Rocket Lawyer,51 to 200 employees,2008.0,Company - Private,Computer Hardware & Software,Information Technology,$50 to $100 million (USD),,Data engineer,113.0,San Francisco,CA,United States of America,San Francisco,United States of America,Pequeno,False,37.775,-122.4183,California
3.7,22nd Century Technologies,1001 to 5000 employees,1997.0,Company - Private,IT Services,Information Technology,$25 to $50 million (USD),,Data scientist,113.0,Oakland,CA,United States of America,Somerset,United States of America,Grande,False,37.780595,-122.216587,California
3.3,Huxley,201 to 500 employees,1995.0,Company - Private,Staffing & Outsourcing,Business Services,$25 to $50 million (USD),,Data scientist,113.0,San Francisco,CA,United States of America,London,United Kingdom,Médio,False,37.775,-122.4183,California
3.4,FM Systems,51 to 200 employees,1984.0,Company - Private,Computer Hardware & Software,Information Technology,$5 to $10 million (USD),,Data scientist,113.0,Boston,MA,United States of America,Raleigh,United States of America,Pequeno,False,42.357603,-71.068432,Massachusetts
,B4Corp,51 to 200 employees,,Company - Private,IT Services,Information Technology,Unknown / Non-Applicable,,Data scientist,113.0,Reston,VA,United States of America,Leesburg,United States of America,Pequeno,False,38.96,-77.3456,Virginia
3.7,Mteq,501 to 1000 employees,1954.0,Company - Public,Aerospace & Defense,Aerospace & Defense,$100 to $500 million (USD),,Machine learning engineer,113.0,Fort Belvoir,VA,United States of America,Lorton,United States of America,Médio,False,38.694699,-77.143315,Virginia
3.7,Blue Cross and Blue Shield of North Carolina,1001 to 5000 employees,1933.0,Company - Private,Insurance Carriers,Insurance,$5 to $10 billion (USD),Principal,outro,113.0,Durham,NC,United States of America,Durham,United States of America,Grande,False,35.996725,-78.896613,North Carolina
4.8,Jane Street,501 to 1000 employees,2000.0,Company - Private,Investment Banking & Asset Management,Finance,Unknown / Non-Applicable,,Machine learning engineer,113.0,New York,NY,United States of America,New York,United States of America,Médio,False,40.74838,-73.996705,New York
5.0,SSATI,1 to 50 employees,2003.0,Company - Private,Computer Hardware & Software,Information Technology,$10 to $25 million (USD),,Data scientist,113.0,McLean,VA,United States of America,Annapolis Junction,United States of America,Pequeno,False,,,
3.9,Novartis,10000+ employees,1996.0,Company - Public,Biotech & Pharmaceuticals,Biotech & Pharmaceuticals,$10+ billion (USD),Senior,Data scientist,113.0,Cambridge,MA,United States of America,Basel,Switzerland,Corporação,False,42.377045,-71.125611,Massachusetts
3.4,Solving IT International Inc,501 to 1000 employees,,Company - Private,,,Unknown / Non-Applicable,,Data scientist,113.0,Chicago,IL,United States of America,Chicago,United States of America,Médio,False,41.885847,-87.618123,Illinois
3.3,The Davey Tree Expert Company,10000+ employees,1880.0,Self-employed,Timber Operations,Agriculture & Forestry,$1 to $2 billion (USD),,Data scientist,113.0,Kent,OH,United States of America,Kent,United States of America,Corporação,False,41.14492,-81.34976,Ohio
4.6,Centauri,501 to 1000 employees,1999.0,Company - Private,Aerospace & Defense,Aerospace & Defense,$100 to $500 million (USD),,Data scientist,113.0,Reston,VA,United States of America,Chantilly,United States of America,Médio,False,38.96,-77.3456,Virginia
,Stride Search,1 to 50 employees,,Company - Private,,,Less than $1 million (USD),,Data scientist,113.0,San Francisco,CA,United States of America,Westlake Village,United States of America,Pequeno,False,37.775,-122.4183,California
2.6,Software Engineering Institute,501 to 1000 employees,1984.0,College / University,Colleges & Universities,Education,Unknown / Non-Applicable,,Machine learning engineer,113.0,Pittsburgh,PA,United States of America,Pittsburgh,United States of America,Médio,False,40.474536,-79.952524,Pennsylvania
3.8,Dermalogica,201 to 500 employees,1986.0,Subsidiary or Business Segment,Consumer Products Manufacturing,Manufacturing,$100 to $500 million (USD),,Data analyst,113.0,Carson,CA,United States of America,Carson,United States of America,Médio,False,33.822968,-118.268352,California
4.8,TechProjects,1 to 50 employees,2011.0,Company - Private,IT Services,Information Technology,Unknown / Non-Applicable,,Data scientist,113.0,New York,NY,United States of America,North Brunswick,United States of America,Pequeno,False,40.74838,-73.996705,New York
3.9,7Park Data,51 to 200 employees,2012.0,Company - Private,Research & Development,Business Services,Unknown / Non-Applicable,Director,outro,113.0,New York,NY,United States of America,New York,United States of America,Pequeno,False,40.74838,-73.996705,New York
4.0,Netskope,501 to 1000 employees,2012.0,Company - Private,Enterprise Software & Network Solutions,Information Technology,Unknown / Non-Applicable,,Data scientist,134.0,Santa Clara,CA,United States of America,Santa Clara,United States of America,Médio,False,37.34732,-121.954079,California
4.2,Eversight,51 to 200 employees,2013.0,Company - Private,Enterprise Software & Network Solutions,Information Technology,$10 to $25 million (USD),,Data scientist,134.0,Palo Alto,CA,United States of America,Palo Alto,United States of America,Pequeno,False,37.444324,-122.149685,California
3.7,Protolabs,1001 to 5000 employees,1999.0,Company - Public,Miscellaneous Manufacturing,Manufacturing,$100 to $500 million (USD),Senior,outro,134.0,Maple Plain,MN,United States of America,Maple Plain,United States of America,Grande,False,45.0079,-93.6542,Minnesota
3.0,Ameritas Life Insurance Corp,1001 to 5000 employees,1887.0,Company - Private,Insurance Agencies & Brokerages,Insurance,$2 to $5 billion (USD),,Data scientist,134.0,Cincinnati,OH,United States of America,Lincoln,United States of America,Grande,False,39.091293,-84.277383,Ohio
3.5,Western Digital,10000+ employees,1970.0,Company - Public,Computer Hardware & Software,Information Technology,$10+ billion (USD),,Data engineer,134.0,San Jose,CA,United States of America,San Jose,United States of America,Corporação,False,37.3894,-121.8868,California
2.9,"Shimento, Inc.",1 to 50 employees,,Company - Private,,,$1 to $5 million (USD),,Data scientist,134.0,Santa Clara,CA,United States of America,Benicia,United States of America,Pequeno,False,37.34732,-121.954079,California
5.0,Averity,1 to 50 employees,2014.0,Company - Private,Staffing & Outsourcing,Business Services,Unknown / Non-Applicable,,Data scientist,134.0,New York,NY,United States of America,New York,United States of America,Pequeno,False,40.74838,-73.996705,New York
4.7,Praxis Engineering,201 to 500 employees,2002.0,Subsidiary or Business Segment,Computer Hardware & Software,Information Technology,$100 to $500 million (USD),,Data scientist,134.0,Chantilly,VA,United States of America,Annapolis Junction,United States of America,Médio,False,38.8865,-77.4393,Virginia
,Point72 Ventures,,,,,,,,Data scientist,134.0,Palo Alto,CA,United States of America,,,,False,37.444324,-122.149685,California
4.5,Johns Hopkins University Applied Physics Laboratory,5001 to 10000 employees,1942.0,Nonprofit Organization,Aerospace & Defense,Aerospace & Defense,$1 to $2 billion (USD),,outro,134.0,Laurel,MD,United States of America,Laurel,United States of America,Grande,False,39.095801,-76.815485,Maryland
4.9,Cambridge Mobile Telematics,1 to 50 employees,2010.0,Company - Private,Enterprise Software & Network Solutions,Information Technology,Unknown / Non-Applicable,,Data scientist,134.0,Cambridge,MA,United States of America,Cambridge,United States of America,Pequeno,False,42.377045,-71.125611,Massachusetts
4.6,Blend360,51 to 200 employees,2002.0,Company - Private,Consulting,Business Services,Unknown / Non-Applicable,,Data engineer,134.0,Columbia,MD,United States of America,Columbia,United States of America,Pequeno,False,39.214103,-76.878807,Maryland
5.0,Phoenix Operations Group,1 to 50 employees,2011.0,Company - Private,IT Services,Information Technology,$1 to $5 million (USD),,Data scientist,134.0,Annapolis Junction,MD,United States of America,Woodbine,United States of America,Pequeno,False,39.130983,-76.798068,Maryland
3.9,Nolij Consulting,51 to 200 employees,2012.0,Company - Public,Consulting,Business Services,$1 to $5 million (USD),,Data analyst,134.0,Falls Church,VA,United States of America,Vienna,United States of America,Pequeno,False,38.848506,-77.136928,Virginia
,Hatch Data Inc,,,,,,,,Data scientist,134.0,San Francisco,CA,United States of America,,,,False,37.775,-122.4183,California
,Hatch Data Inc,,,,,,,,Data scientist,134.0,San Francisco,CA,United States of America,,,,False,37.775,-122.4183,California
,Hatch Data Inc,,,,,,,,Data scientist,134.0,San Francisco,CA,United States of America,,,,False,37.775,-122.4183,California
,Hatch Data Inc,,,,,,,,Data scientist,134.0,San Francisco,CA,United States of America,,,,False,37.775,-122.4183,California
,Hatch Data Inc,,,,,,,,Data scientist,134.0,San Francisco,CA,United States of America,,,,False,37.775,-122.4183,California
,Hatch Data Inc,,,,,,,,Data scientist,134.0,San Francisco,CA,United States of America,,,,False,37.775,-122.4183,California
3.5,Maxar Technologies,5001 to 10000 employees,,Company - Public,Aerospace & Defense,Aerospace & Defense,$2 to $5 billion (USD),Senior,Data scientist,134.0,Herndon,VA,United States of America,Westminster,United States of America,Grande,False,38.9764,-77.3839,Virginia
4.3,Quick Base,201 to 500 employees,1999.0,Company - Private,Enterprise Software & Network Solutions,Information Technology,Unknown / Non-Applicable,,Data scientist,114.0,Cambridge,MA,United States of America,Cambridge,United States of America,Médio,False,42.377045,-71.125611,Massachusetts
3.7,Takeda,10000+ employees,1781.0,Company - Public,Biotech & Pharmaceuticals,Biotech & Pharmaceuticals,$10+ billion (USD),,Data scientist,114.0,Cambridge,MA,United States of America,OSAKA,Japan,Corporação,False,42.377045,-71.125611,Massachusetts
3.5,Maxar Technologies,5001 to 10000 employees,,Company - Public,Aerospace & Defense,Aerospace & Defense,$2 to $5 billion (USD),,Data scientist,114.0,Herndon,VA,United States of America,Westminster,United States of America,Grande,False,38.9764,-77.3839,Virginia
3.9,Southwest Research Institute,1001 to 5000 employees,1947.0,Nonprofit Organization,Research & Development,Business Services,$500 million to $1 billion (USD),,outro,114.0,Oklahoma City,OK,United States of America,San Antonio,United States of America,Grande,False,35.3337,-97.4922,Oklahoma
4.7,Compass Consulting Group,51 to 200 employees,2008.0,Company - Private,Consulting,Business Services,Unknown / Non-Applicable,,Data scientist,114.0,Thousand Oaks,CA,United States of America,Danville,United States of America,Pequeno,False,34.170556,-118.836667,California
4.8,Klaviyo,201 to 500 employees,2012.0,Company - Private,Computer Hardware & Software,Information Technology,Unknown / Non-Applicable,,Software engineer,114.0,Boston,MA,United States of America,Boston,United States of America,Médio,False,42.357603,-71.068432,Massachusetts
4.0,AstraZeneca,10000+ employees,1913.0,Company - Public,Biotech & Pharmaceuticals,Biotech & Pharmaceuticals,$10+ billion (USD),,Data scientist,114.0,Gaithersburg,MD,United States of America,Cambridge,United Kingdom,Corporação,False,39.14187,-77.188993,Maryland
4.4,"SolutionIT, Inc.",51 to 200 employees,,Company - Private,,,Unknown / Non-Applicable,,Data scientist,114.0,Edison,NJ,United States of America,Wilmington,United States of America,Pequeno,False,40.517079,-74.397286,New Jersey
3.2,Perspecta,10000+ employees,2018.0,Company - Public,Aerospace & Defense,Aerospace & Defense,Unknown / Non-Applicable,,Data scientist,114.0,Adelphi,MD,United States of America,Chantilly,United States of America,Corporação,False,,,
4.5,Smith Hanley Associates,1 to 50 employees,1980.0,Company - Private,Staffing & Outsourcing,Business Services,Unknown / Non-Applicable,,Data scientist,114.0,Washington,DC,United States of America,New York,,Pequeno,False,38.912217,-77.017691,District of Columbia
3.5,Allen Institute,201 to 500 employees,2003.0,Nonprofit Organization,Research & Development,Business Services,$100 to $500 million (USD),,outro,114.0,Seattle,WA,United States of America,Seattle,United States of America,Médio,False,47.611435,-122.330456,Washington
4.4,Eliassen Group,1001 to 5000 employees,1989.0,Company - Private,Staffing & Outsourcing,Business Services,$100 to $500 million (USD),,Data scientist,114.0,Plano,TX,United States of America,Reading,United States of America,Grande,False,33.054972,-96.736454,Texas
3.1,Bayside Solutions,1 to 50 employees,2001.0,Company - Private,Staffing & Outsourcing,Business Services,$1 to $5 million (USD),,Data scientist,114.0,Sunnyvale,CA,United States of America,Pleasanton,United States of America,Pequeno,False,37.368889,-122.035278,California
3.5,Evolve Vacation Rental,201 to 500 employees,2011.0,Company - Private,Travel Agencies,Travel & Tourism,Unknown / Non-Applicable,Senior,Data scientist,114.0,Denver,CO,United States of America,Denver,United States of America,Médio,False,39.840562,-105.007985,Colorado
3.8,AgreeYa Solutions,1001 to 5000 employees,1999.0,Company - Private,IT Services,Information Technology,$50 to $100 million (USD),,Data scientist,114.0,Thousand Oaks,CA,United States of America,Folsom,United States of America,Grande,False,34.170556,-118.836667,California
3.7,Carolina Power & Light Co,5001 to 10000 employees,1908.0,Subsidiary or Business Segment,Energy,"Oil, Gas, Energy & Utilities",Unknown / Non-Applicable,,Data scientist,114.0,McLean,VA,United States of America,Raleigh,United States of America,Grande,False,,,
3.5,Central California Alliance for Health,501 to 1000 employees,1996.0,Nonprofit Organization,Health Care Services & Hospitals,Health Care,$500 million to $1 billion (USD),Manager,outro,114.0,Scotts Valley,CA,United States of America,Scotts Valley,United States of America,Médio,False,37.057841,-122.014961,California
3.7,MassMutual,5001 to 10000 employees,1851.0,Company - Private,Insurance Carriers,Insurance,$10+ billion (USD),,outro,114.0,Boston,MA,United States of America,Springfield,United States of America,Grande,False,42.357603,-71.068432,Massachusetts
5.0,"New Iron Group, Inc.",1 to 50 employees,2003.0,Contract,Computer Hardware & Software,Information Technology,Unknown / Non-Applicable,,outro,114.0,Boston,MA,United States of America,Austin,United States of America,Pequeno,False,42.357603,-71.068432,Massachusetts
4.0,Travelers,10000+ employees,1853.0,Company - Public,Insurance Carriers,Insurance,$10+ billion (USD),,Data engineer,114.0,Hartford,CT,United States of America,Hartford,United States of America,Corporação,False,41.7636,-72.6855,Connecticut
3.6,Twitch,1001 to 5000 employees,2011.0,Subsidiary or Business Segment,Internet,Information Technology,Unknown / Non-Applicable,Senior,Data analyst,114.0,San Francisco,CA,United States of America,San Francisco,United States of America,Grande,False,37.775,-122.4183,California
4.8,Klaviyo,201 to 500 employees,2012.0,Company - Private,Computer Hardware & Software,Information Technology,Unknown / Non-Applicable,Senior,Data scientist,136.5,Boston,MA,United States of America,Boston,United States of America,Médio,False,42.357603,-71.068432,Massachusetts
3.8,GutCheck,51 to 200 employees,2009.0,Company - Private,Advertising & Marketing,Business Services,$10 to $25 million (USD),,Data scientist,136.5,Denver,CO,United States of America,Denver,United States of America,Pequeno,False,39.840562,-105.007985,Colorado
3.6,Biogen,5001 to 10000 employees,1978.0,Company - Public,Biotech & Pharmaceuticals,Biotech & Pharmaceuticals,$10+ billion (USD),,outro,136.5,Cambridge,MA,United States of America,Cambridge,United States of America,Grande,False,42.377045,-71.125611,Massachusetts
,HireAi,,,,,,,,Data scientist,136.5,San Francisco,CA,United States of America,,,,False,37.775,-122.4183,California
,HireAi,,,,,,,,Data scientist,136.5,San Francisco,CA,United States of America,,,,False,37.775,-122.4183,California
3.3,Tempus Labs,501 to 1000 employees,2015.0,Company - Private,Biotech & Pharmaceuticals,Biotech & Pharmaceuticals,Unknown / Non-Applicable,Senior,outro,136.5,Redwood City,CA,United States of America,Chicago,United States of America,Médio,False,37.464661,-122.230406,California
4.1,Mentor Graphics,5001 to 10000 employees,1981.0,Company - Public,Computer Hardware & Software,Information Technology,$1 to $2 billion (USD),,Data scientist,136.5,Fremont,CA,United States of America,Wilsonville,United States of America,Grande,False,37.560493,-121.999935,California
3.6,WCG (WIRB-Copernicus Group),1001 to 5000 employees,,Company - Private,Biotech & Pharmaceuticals,Biotech & Pharmaceuticals,$100 to $500 million (USD),Senior,Data scientist,136.5,Hamilton,NJ,United States of America,Princeton,United States of America,Grande,False,,,
4.5,Kingfisher Systems,51 to 200 employees,2005.0,Company - Private,Federal Agencies,Government,$25 to $50 million (USD),,Data engineer,136.5,Falls Church,VA,United States of America,Falls Church,United States of America,Pequeno,False,38.848506,-77.136928,Virginia
3.3,Tempus Labs,501 to 1000 employees,2015.0,Company - Private,Biotech & Pharmaceuticals,Biotech & Pharmaceuticals,Unknown / Non-Applicable,,outro,136.5,Chicago,IL,United States of America,Chicago,United States of America,Médio,False,41.885847,-87.618123,Illinois
3.4,Liberty Mutual Insurance,10000+ employees,1912.0,Company - Private,Insurance Carriers,Insurance,$10+ billion (USD),,outro,136.5,Indianapolis,IN,United States of America,Boston,United States of America,Corporação,False,39.938417,-86.13894,Indiana
4.3,Visionary Integration Professionals,501 to 1000 employees,1996.0,Company - Private,IT Services,Information Technology,$100 to $500 million (USD),,Data scientist,136.5,Washington,DC,United States of America,Folsom,United States of America,Médio,False,38.912217,-77.017691,District of Columbia
3.5,Maxar Technologies,5001 to 10000 employees,,Company - Public,Aerospace & Defense,Aerospace & Defense,$2 to $5 billion (USD),,Data scientist,136.5,Herndon,VA,United States of America,Westminster,United States of America,Grande,False,38.9764,-77.3839,Virginia
4.0,Dynetics,1001 to 5000 employees,1974.0,Company - Private,Aerospace & Defense,Aerospace & Defense,$100 to $500 million (USD),,outro,136.5,Huntsville,AL,United States of America,Huntsville,United States of America,Grande,False,34.726866,-86.567318,Alabama
4.5,Systems & Technology Research,201 to 500 employees,2010.0,Company - Private,Aerospace & Defense,Aerospace & Defense,$100 to $500 million (USD),,outro,136.5,Woburn,MA,United States of America,Woburn,United States of America,Médio,False,42.482894,-71.157404,Massachusetts
4.5,Novetta,501 to 1000 employees,2012.0,Company - Private,Enterprise Software & Network Solutions,Information Technology,$100 to $500 million (USD),Senior,Data analyst,136.5,Herndon,VA,United States of America,Mc Lean,United States of America,Médio,False,38.9764,-77.3839,Virginia
3.9,Navy Federal Credit Union,10000+ employees,1933.0,Other Organization,Banks & Credit Unions,Finance,Unknown / Non-Applicable,,Data engineer,136.5,Merrifield,VA,United States of America,Vienna,United States of America,Corporação,False,38.8741,-77.2272,Virginia
4.0,Exact Sciences Corporation,1001 to 5000 employees,1995.0,Company - Public,Health Care Services & Hospitals,Health Care,$100 to $500 million (USD),Lead,outro,136.5,Madison,WI,United States of America,Madison,United States of America,Grande,False,43.073,-89.3817,Wisconsin
3.6,Community Behavioral Health,201 to 500 employees,1994.0,Company - Private,Health Care Services & Hospitals,Health Care,$500 million to $1 billion (USD),Senior,Data analyst,136.5,Philadelphia,PA,United States of America,Phila,United States of America,Médio,False,39.864998,-75.275196,Pennsylvania
3.3,Reynolds American,5001 to 10000 employees,1875.0,Company - Private,Consumer Products Manufacturing,Manufacturing,$10+ billion (USD),Senior,outro,136.5,Winston-Salem,NC,United States of America,Winston-Salem,United States of America,Grande,False,,,
5.0,LifeOmic,51 to 200 employees,2016.0,Company - Private,Enterprise Software & Network Solutions,Information Technology,Unknown / Non-Applicable,Senior,Machine learning engineer,136.5,Raleigh,NC,United States of America,Indianapolis,United States of America,Pequeno,False,35.772701,-78.632439,North Carolina
4.1,Twitter,1001 to 5000 employees,2006.0,Company - Public,Internet,Information Technology,$2 to $5 billion (USD),,Data scientist,161.0,San Francisco,CA,United States of America,San Francisco,United States of America,Grande,False,37.775,-122.4183,California
3.2,Postmates - Corporate HQ,1001 to 5000 employees,2011.0,Company - Private,Express Delivery Services,Transportation & Logistics,Unknown / Non-Applicable,,Data scientist,161.0,San Francisco,CA,United States of America,San Francisco,United States of America,Grande,False,37.775,-122.4183,California
4.9,"Visionist, Inc.",51 to 200 employees,2010.0,Company - Private,Enterprise Software & Network Solutions,Information Technology,$10 to $25 million (USD),,Data scientist,161.0,Columbia,MD,United States of America,Columbia,United States of America,Pequeno,False,39.214103,-76.878807,Maryland
,Navio,Unknown,,Unknown,,,Unknown / Non-Applicable,,Data scientist,161.0,San Mateo,CA,United States of America,Half Moon Bay,United States of America,,False,37.572271,-122.320262,California
3.3,Concerto HealthAI,201 to 500 employees,2018.0,Company - Private,Biotech & Pharmaceuticals,Biotech & Pharmaceuticals,Unknown / Non-Applicable,,Data scientist,161.0,Boston,MA,United States of America,Boston,United States of America,Médio,False,42.357603,-71.068432,Massachusetts
,Evolvinc,1 to 50 employees,2005.0,Company - Private,IT Services,Information Technology,Unknown / Non-Applicable,,Data scientist,161.0,Burbank,CA,United States of America,Los Angeles,United States of America,Pequeno,False,34.186238,-118.300898,California
5.0,PROPRIUS,1 to 50 employees,,Company - Private,Enterprise Software & Network Solutions,Information Technology,Unknown / Non-Applicable,,Data scientist,161.0,Sunnyvale,CA,United States of America,London,United Kingdom,Pequeno,False,37.368889,-122.035278,California
3.4,TECHNOCRAFT Solutions,1 to 50 employees,,Company - Private,Advertising & Marketing,Business Services,$1 to $5 million (USD),,Data scientist,161.0,San Ramon,CA,United States of America,Hilliard,United States of America,Pequeno,False,37.78,-121.976944,California
4.1,"Latitude, Inc.",1 to 50 employees,,Company - Private,Consulting,Business Services,$1 to $5 million (USD),,Data scientist,161.0,Washington,DC,United States of America,Hanover,United States of America,Pequeno,False,38.912217,-77.017691,District of Columbia
5.0,Royce Geospatial,51 to 200 employees,2014.0,Company - Private,Aerospace & Defense,Aerospace & Defense,$10 to $25 million (USD),,Data scientist,161.0,Springfield,VA,United States of America,Arlington,United States of America,Pequeno,False,38.779718,-77.186582,Virginia
4.2,CyberCoders,201 to 500 employees,1999.0,Subsidiary or Business Segment,Staffing & Outsourcing,Business Services,$100 to $500 million (USD),,Data scientist,161.0,Phoenix,AZ,United States of America,Irvine,United States of America,Médio,False,33.451,-112.0685,Arizona
3.7,Booz Allen Hamilton Inc.,10000+ employees,1914.0,Company - Public,Consulting,Business Services,$5 to $10 billion (USD),,Data scientist,161.0,Oxnard,CA,United States of America,Mc Lean,United States of America,Corporação,False,34.214142,-119.174952,California
3.8,Burns & McDonnell,5001 to 10000 employees,1898.0,Company - Private,Architectural & Engineering Services,Business Services,$1 to $2 billion (USD),,Data scientist,161.0,Kansas City,MO,United States of America,Kansas City,United States of America,Grande,False,39.163189,-94.569882,Missouri
4.8,InvenTech Info,201 to 500 employees,2010.0,Company - Private,IT Services,Information Technology,$1 to $5 million (USD),,Data scientist,161.0,Jersey City,NJ,United States of America,Bengaluru,India,Médio,False,40.7164,-74.038,New Jersey
3.5,Robert Half,10000+ employees,1948.0,Company - Public,Staffing & Outsourcing,Business Services,$2 to $5 billion (USD),,Data scientist,161.0,Manchester,NH,United States of America,Menlo Park,United States of America,Corporação,False,42.992858,-71.463255,New Hampshire
4.6,GreatAmerica Financial Services,501 to 1000 employees,1992.0,Company - Private,Lending,Finance,$100 to $500 million (USD),,Data analyst,161.0,Cedar Rapids,IA,United States of America,Cedar Rapids,United States of America,Médio,False,41.9743,-91.655382,Iowa
4.5,Conflux Systems Inc.,1 to 50 employees,,Company - Private,Accounting,Accounting & Legal,Less than $1 million (USD),,Data scientist,161.0,Winters,TX,United States of America,Alpharetta,United States of America,Pequeno,False,31.962028,-99.955114,Texas
3.9,Criteo,1001 to 5000 employees,2005.0,Company - Public,Internet,Information Technology,$2 to $5 billion (USD),,Data scientist,161.0,Ann Arbor,MI,United States of America,Paris,France,Grande,False,42.279379,-83.783998,Michigan
3.4,Voice,Unknown,,Company - Private,,,Unknown / Non-Applicable,,Data scientist,161.0,Brooklyn,NY,United States of America,,,,False,40.694021,-73.99034,New York
,Microagility,1 to 50 employees,,Company - Private,Consulting,Business Services,$1 to $5 million (USD),,Data scientist,161.0,New York,NY,United States of America,Princeton,United States of America,Pequeno,False,40.74838,-73.996705,New York
4.1,Coverent,51 to 200 employees,2008.0,Company - Private,Consulting,Business Services,$10 to $25 million (USD),,Data scientist,161.0,McLean,VA,United States of America,McLean,United States of America,Pequeno,False,,,
3.7,Via Transportation,501 to 1000 employees,2012.0,Company - Private,Internet,Information Technology,Unknown / Non-Applicable,,Data scientist,106.0,New York,NY,United States of America,New York,United States of America,Médio,False,40.74838,-73.996705,New York
3.5,Benson Hill,201 to 500 employees,2012.0,Company - Private,Biotech & Pharmaceuticals,Biotech & Pharmaceuticals,$1 to $5 million (USD),Senior,Data scientist,106.0,Saint Louis,MO,United States of America,Saint Louis,United States of America,Médio,False,38.642574,-90.324189,Missouri
4.6,"Conch Technologies, Inc",51 to 200 employees,,Company - Private,Consulting,Business Services,$5 to $10 million (USD),,Data scientist,106.0,Concord,CA,United States of America,Memphis,United States of America,Pequeno,False,37.950434,-122.026296,California
,Falcon IT & Staffing Solutions,Unknown,,Company - Public,,,Unknown / Non-Applicable,,Data scientist,106.0,Fort Belvoir,VA,United States of America,Washington,United States of America,,False,38.694699,-77.143315,Virginia
,"Rainmaker Resources, LLC",1 to 50 employees,,Company - Private,,,Unknown / Non-Applicable,,Data scientist,106.0,Cincinnati,OH,United States of America,Cincinnati,United States of America,Pequeno,False,39.091293,-84.277383,Ohio
4.4,Rocket Lawyer,51 to 200 employees,2008.0,Company - Private,Computer Hardware & Software,Information Technology,$50 to $100 million (USD),,Data engineer,106.0,San Francisco,CA,United States of America,San Francisco,United States of America,Pequeno,False,37.775,-122.4183,California
3.6,DataLab USA,51 to 200 employees,,Company - Private,IT Services,Information Technology,Unknown / Non-Applicable,,Data scientist,106.0,Germantown,MD,United States of America,Germantown,United States of America,Pequeno,False,39.17039,-77.269935,Maryland
3.1,Werner Enterprises Inc,10000+ employees,1956.0,Company - Public,Logistics & Supply Chain,Transportation & Logistics,$2 to $5 billion (USD),,Data scientist,106.0,Omaha,NE,United States of America,Omaha,United States of America,Corporação,False,41.261,-95.9376,Nebraska
5.0,PeopleCom,1 to 50 employees,,Company - Private,,,$1 to $5 million (USD),,Data scientist,106.0,McLean,VA,United States of America,Reston,United States of America,Pequeno,False,,,
5.0,VANTA Partners,1 to 50 employees,2018.0,Company - Private,Staffing & Outsourcing,Business Services,Unknown / Non-Applicable,,Data scientist,106.0,Open Fork,VA,United States of America,Clifton Park,United States of America,Pequeno,False,,,
,B4Corp,51 to 200 employees,,Company - Private,IT Services,Information Technology,Unknown / Non-Applicable,,Data scientist,106.0,Reston,VA,United States of America,Leesburg,United States of America,Pequeno,False,38.96,-77.3456,Virginia
,"Blue Icy Water, LLC",1 to 50 employees,,Company - Private,,,Unknown / Non-Applicable,,Data scientist,106.0,United States,,,Livonia,United States of America,Pequeno,False,,,
3.5,"Farmer's Business Network, Inc.",201 to 500 employees,2014.0,Company - Private,Farm Support Services,Agriculture & Forestry,Unknown / Non-Applicable,,Data scientist,106.0,San Carlos,CA,United States of America,San Carlos,United States of America,Médio,False,37.496859,-122.267356,California
,Sonde Health,1 to 50 employees,,Private Practice / Firm,Health Care Services & Hospitals,Health Care,Less than $1 million (USD),,Data scientist,106.0,Boston,MA,United States of America,Boston,United States of America,Pequeno,False,42.357603,-71.068432,Massachusetts
5.0,Maxiom,1 to 50 employees,,Company - Public,,,Unknown / Non-Applicable,,Data scientist,106.0,Ashburn,VA,United States of America,Ashburn,United States of America,Pequeno,False,39.0322,-77.4985,Virginia
2.7,Change Healthcare,10000+ employees,2007.0,Company - Public,IT Services,Information Technology,Unknown / Non-Applicable,,Data scientist,106.0,Lombard,IL,United States of America,Nashville,United States of America,Corporação,False,41.872139,-88.015988,Illinois
4.1,DCS Corp,1001 to 5000 employees,1977.0,Company - Private,Research & Development,Business Services,$100 to $500 million (USD),,Data scientist,106.0,Hampton,VA,United States of America,Alexandria,United States of America,Grande,False,37.0065,-76.413,Virginia
2.1,Hive (CA),Unknown,2019.0,Company - Private,Telecommunications Services,Telecommunications,Unknown / Non-Applicable,,Data scientist,106.0,San Francisco,CA,United States of America,Los Angeles,United States of America,,False,37.775,-122.4183,California
4.8,Jane Street,501 to 1000 employees,2000.0,Company - Private,Investment Banking & Asset Management,Finance,Unknown / Non-Applicable,,Machine learning engineer,106.0,New York,NY,United States of America,New York,United States of America,Médio,False,40.74838,-73.996705,New York
4.5,Envision LLC,201 to 500 employees,1994.0,Company - Private,Staffing & Outsourcing,Business Services,$25 to $50 million (USD),,Data scientist,92.5,Saint Louis,MO,United States of America,Saint Louis,United States of America,Médio,False,38.642574,-90.324189,Missouri
4.0,Autodesk,5001 to 10000 employees,1982.0,Company - Public,Computer Hardware & Software,Information Technology,$2 to $5 billion (USD),Principal,Data scientist,92.5,San Francisco,CA,United States of America,San Rafael,United States of America,Grande,False,37.775,-122.4183,California
3.3,Hackensack Meridian Health,10000+ employees,,Nonprofit Organization,Health Care Services & Hospitals,Health Care,$5 to $10 billion (USD),,Data scientist,92.5,Edison,NJ,United States of America,Edison,United States of America,Corporação,False,40.517079,-74.397286,New Jersey
3.9,Novartis,10000+ employees,1996.0,Company - Public,Biotech & Pharmaceuticals,Biotech & Pharmaceuticals,$10+ billion (USD),Senior,Data scientist,92.5,Cambridge,MA,United States of America,Basel,Switzerland,Corporação,False,42.377045,-71.125611,Massachusetts
3.2,Net2Source Inc.,1001 to 5000 employees,2007.0,Company - Private,Staffing & Outsourcing,Business Services,$100 to $500 million (USD),,Data scientist,92.5,Alpharetta,GA,United States of America,Somerset,United States of America,Grande,False,34.1048,-84.2949,Georgia
3.2,The Trade Desk,1001 to 5000 employees,2009.0,Company - Public,Internet,Information Technology,Unknown / Non-Applicable,,Data scientist,92.5,Boulder,CO,United States of America,Ventura,United States of America,Grande,False,40.049733,-105.21426,Colorado
3.7,IBM,10000+ employees,1911.0,Company - Public,IT Services,Information Technology,$10+ billion (USD),,Data scientist,92.5,Atlanta,GA,United States of America,Armonk,United States of America,Corporação,False,33.749788,-84.31685,Georgia
4.4,Knowesis Inc.,51 to 200 employees,2007.0,Company - Private,Consulting,Business Services,$25 to $50 million (USD),,Data scientist,92.5,Falls Church,VA,United States of America,Fairfax,United States of America,Pequeno,False,38.848506,-77.136928,Virginia
3.1,MoTek Technologies,1 to 50 employees,2009.0,Company - Private,IT Services,Information Technology,$1 to $5 million (USD),,Data scientist,92.5,Mountain View,CA,United States of America,San Jose,United States of America,Pequeno,False,37.41001,-122.051944,California
3.3,The Davey Tree Expert Company,10000+ employees,1880.0,Self-employed,Timber Operations,Agriculture & Forestry,$1 to $2 billion (USD),,Data scientist,92.5,Kent,OH,United States of America,Kent,United States of America,Corporação,False,41.14492,-81.34976,Ohio
3.5,HPOne,501 to 1000 employees,2006.0,Company - Private,Insurance Carriers,Insurance,$50 to $100 million (USD),,Data scientist,92.5,Trumbull,CT,United States of America,Trumbull,United States of America,Médio,False,41.25641,-73.211063,Connecticut
,Stride Search,1 to 50 employees,,Company - Private,,,Less than $1 million (USD),,Data scientist,92.5,San Francisco,CA,United States of America,Westlake Village,United States of America,Pequeno,False,37.775,-122.4183,California
2.6,Software Engineering Institute,501 to 1000 employees,1984.0,College / University,Colleges & Universities,Education,Unknown / Non-Applicable,,Machine learning engineer,92.5,Pittsburgh,PA,United States of America,Pittsburgh,United States of America,Médio,False,40.474536,-79.952524,Pennsylvania
,Blue Cloak LLC,,,,,,,,Data scientist,92.5,Sterling,VA,United States of America,,,,False,39.0061,-77.4288,Virginia
2.7,TBWA\Chiat\Day,1001 to 5000 employees,1968.0,Company - Public,Advertising & Marketing,Business Services,$100 to $500 million (USD),,Data scientist,92.5,New York,NY,United States of America,New York,United States of America,Grande,False,40.74838,-73.996705,New York
3.5,ThreeBridge Solutions,501 to 1000 employees,2009.0,Company - Private,Consulting,Business Services,Unknown / Non-Applicable,,Data scientist,92.5,Alpharetta,GA,United States of America,Minneapolis,United States of America,Médio,False,34.1048,-84.2949,Georgia
3.2,"Numeric, LLC",1 to 50 employees,,Company - Private,Staffing & Outsourcing,Business Services,$5 to $10 million (USD),,Data scientist,92.5,Philadelphia,PA,United States of America,Chadds Ford,United States of America,Pequeno,False,39.864998,-75.275196,Pennsylvania
3.8,Dermalogica,201 to 500 employees,1986.0,Subsidiary or Business Segment,Consumer Products Manufacturing,Manufacturing,$100 to $500 million (USD),,Data analyst,92.5,Carson,CA,United States of America,Carson,United States of America,Médio,False,33.822968,-118.268352,California
4.2,Centraprise,51 to 200 employees,,Company - Private,IT Services,Information Technology,Less than $1 million (USD),,Data scientist,92.5,Foster City,CA,United States of America,Edison,United States of America,Pequeno,False,,,
4.8,TechProjects,1 to 50 employees,2011.0,Company - Private,IT Services,Information Technology,Unknown / Non-Applicable,,Data scientist,92.5,New York,NY,United States of America,North Brunswick,United States of America,Pequeno,False,40.74838,-73.996705,New York
4.2,DW Simpson,51 to 200 employees,1989.0,Company - Private,Staffing & Outsourcing,Business Services,$10 to $25 million (USD),,Data scientist,92.5,Frederick,MD,United States of America,Chicago,United States of America,Pequeno,False,39.408235,-77.400875,Maryland
3.3,Tempus Labs,501 to 1000 employees,2015.0,Company - Private,Biotech & Pharmaceuticals,Biotech & Pharmaceuticals,Unknown / Non-Applicable,,outro,43.5,Chicago,IL,United States of America,Chicago,United States of America,Médio,False,41.885847,-87.618123,Illinois
4.0,Grid Dynamics,1001 to 5000 employees,2006.0,Company - Private,Enterprise Software & Network Solutions,Information Technology,$50 to $100 million (USD),,Data scientist,43.5,Santa Clara,CA,United States of America,San Ramon,United States of America,Grande,False,37.34732,-121.954079,California
3.9,7Park Data,51 to 200 employees,2012.0,Company - Private,Research & Development,Business Services,Unknown / Non-Applicable,Director,outro,43.5,New York,NY,United States of America,New York,United States of America,Pequeno,False,40.74838,-73.996705,New York
3.7,Protolabs,1001 to 5000 employees,1999.0,Company - Public,Miscellaneous Manufacturing,Manufacturing,$100 to $500 million (USD),Senior,outro,43.5,Maple Plain,MN,United States of America,Maple Plain,United States of America,Grande,False,45.0079,-93.6542,Minnesota
3.9,LinQuest,501 to 1000 employees,2004.0,Company - Private,Aerospace & Defense,Aerospace & Defense,$50 to $100 million (USD),,Data scientist,43.5,Colorado Springs,CO,United States of America,Los Angeles,United States of America,Médio,False,38.8335,-104.8206,Colorado
3.5,Western Digital,10000+ employees,1970.0,Company - Public,Computer Hardware & Software,Information Technology,$10+ billion (USD),,Data engineer,43.5,San Jose,CA,United States of America,San Jose,United States of America,Corporação,False,37.3894,-121.8868,California
4.0,Trexquant Investment,1 to 50 employees,2012.0,Company - Private,Investment Banking & Asset Management,Finance,Unknown / Non-Applicable,,Data scientist,43.5,United States,,,Stamford,United States of America,Pequeno,False,,,
3.0,Ameritas Life Insurance Corp,1001 to 5000 employees,1887.0,Company - Private,Insurance Agencies & Brokerages,Insurance,$2 to $5 billion (USD),,Data scientist,43.5,Cincinnati,OH,United States of America,Lincoln,United States of America,Grande,False,39.091293,-84.277383,Ohio
3.7,Fleetcor,5001 to 10000 employees,2000.0,Company - Public,Financial Transaction Processing,Finance,$2 to $5 billion (USD),,Data scientist,43.5,Atlanta,GA,United States of America,Atlanta,United States of America,Grande,False,33.749788,-84.31685,Georgia
4.5,Radiant Digital,1 to 50 employees,,Company - Private,,,Less than $1 million (USD),,Data scientist,43.5,Washington,DC,United States of America,New York,United States of America,Pequeno,False,38.912217,-77.017691,District of Columbia
2.8,Child Care Aware of America,51 to 200 employees,1987.0,Nonprofit Organization,Social Assistance,Non-Profit,$25 to $50 million (USD),,Data scientist,43.5,Arlington,VA,United States of America,Arlington,United States of America,Pequeno,False,38.887103,-77.093197,Virginia
4.1,IntelliPro Group Inc.,201 to 500 employees,,Company - Private,,,$10 to $25 million (USD),,Data scientist,43.5,Santa Clara,CA,United States of America,Santa Clara,United States of America,Médio,False,37.34732,-121.954079,California
2.9,Quest Integrity,201 to 500 employees,1996.0,Company - Public,Oil & Gas Services,"Oil, Gas, Energy & Utilities",$50 to $100 million (USD),,Data analyst,43.5,Tulsa,OK,United States of America,Kent,United States of America,Médio,False,36.05566,-96.060229,Oklahoma
4.7,Praxis Engineering,201 to 500 employees,2002.0,Subsidiary or Business Segment,Computer Hardware & Software,Information Technology,$100 to $500 million (USD),,Data scientist,43.5,Chantilly,VA,United States of America,Annapolis Junction,United States of America,Médio,False,38.8865,-77.4393,Virginia
3.4,USI,1001 to 5000 employees,1998.0,Company - Private,Construction,"Construction, Repair & Maintenance",$100 to $500 million (USD),,Data scientist,43.5,Southfield,MI,United States of America,Saint Paul,United States of America,Grande,False,42.46302,-83.288048,Michigan
3.9,Apex Systems,1001 to 5000 employees,1995.0,Subsidiary or Business Segment,Staffing & Outsourcing,Business Services,$2 to $5 billion (USD),,Data scientist,43.5,San Francisco,CA,United States of America,Glen Allen,United States of America,Grande,False,37.775,-122.4183,California
2.9,"Pragmatics, Inc.",201 to 500 employees,1985.0,Company - Private,IT Services,Information Technology,$100 to $500 million (USD),,Data scientist,43.5,United States,,,Reston,United States of America,Médio,False,,,
4.5,Johns Hopkins University Applied Physics Laboratory,5001 to 10000 employees,1942.0,Nonprofit Organization,Aerospace & Defense,Aerospace & Defense,$1 to $2 billion (USD),,outro,43.5,Laurel,MD,United States of America,Laurel,United States of America,Grande,False,39.095801,-76.815485,Maryland
4.9,Cambridge Mobile Telematics,1 to 50 employees,2010.0,Company - Private,Enterprise Software & Network Solutions,Information Technology,Unknown / Non-Applicable,,Data scientist,43.5,Cambridge,MA,United States of America,Cambridge,United States of America,Pequeno,False,42.377045,-71.125611,Massachusetts
5.0,Phoenix Operations Group,1 to 50 employees,2011.0,Company - Private,IT Services,Information Technology,$1 to $5 million (USD),,Data scientist,43.5,Annapolis Junction,MD,United States of America,Woodbine,United States of America,Pequeno,False,39.130983,-76.798068,Maryland
3.3,Tempus Labs,501 to 1000 employees,2015.0,Company - Private,Biotech & Pharmaceuticals,Biotech & Pharmaceuticals,Unknown / Non-Applicable,,Data scientist,107.0,Redwood City,CA,United States of America,Chicago,United States of America,Médio,False,37.464661,-122.230406,California
3.5,The Knot Worldwide,1001 to 5000 employees,2019.0,Company - Private,Internet,Information Technology,Unknown / Non-Applicable,,Data scientist,107.0,Washington,DC,United States of America,Chevy Chase,United States of America,Grande,False,38.912217,-77.017691,District of Columbia
3.5,Crossover Health,1 to 50 employees,2010.0,Company - Private,Health Care Services & Hospitals,Health Care,$1 to $5 million (USD),,Data scientist,107.0,San Clemente,CA,United States of America,Aliso Viejo,United States of America,Pequeno,False,33.430809,-117.610139,California
4.0,Lorven Technologies Inc,1 to 50 employees,,Company - Private,Accounting,Accounting & Legal,Less than $1 million (USD),,Data scientist,107.0,New York,NY,United States of America,Plainsboro,United States of America,Pequeno,False,40.74838,-73.996705,New York
3.9,Nolij Consulting,51 to 200 employees,2012.0,Company - Public,Consulting,Business Services,$1 to $5 million (USD),,Data analyst,107.0,Falls Church,VA,United States of America,Vienna,United States of America,Pequeno,False,38.848506,-77.136928,Virginia
3.4,Dice.com,201 to 500 employees,1990.0,Subsidiary or Business Segment,Staffing & Outsourcing,Business Services,$100 to $500 million (USD),,Data scientist,107.0,Newton,MA,United States of America,Denver,United States of America,Médio,False,42.3545,-71.1877,Massachusetts
3.5,Gap Inc.,10000+ employees,1969.0,Company - Public,"Department, Clothing, & Shoe Stores",Retail,$10+ billion (USD),,Data scientist,107.0,San Francisco,CA,United States of America,San Francisco,United States of America,Corporação,False,37.775,-122.4183,California
4.7,"Tygart Technology, Inc",1 to 50 employees,,Company - Private,,,$1 to $5 million (USD),,Data scientist,107.0,Washington,DC,United States of America,Fairmont,United States of America,Pequeno,False,38.912217,-77.017691,District of Columbia
,Hatch Data Inc,,,,,,,,Data scientist,107.0,San Francisco,CA,United States of America,,,,False,37.775,-122.4183,California
,Hatch Data Inc,,,,,,,,Data scientist,107.0,San Francisco,CA,United States of America,,,,False,37.775,-122.4183,California
,Hatch Data Inc,,,,,,,,Data scientist,107.0,San Francisco,CA,United States of America,,,,False,37.775,-122.4183,California
,Hatch Data Inc,,,,,,,,Data scientist,107.0,San Francisco,CA,United States of America,,,,False,37.775,-122.4183,California
,Hatch Data Inc,,,,,,,,Data scientist,107.0,San Francisco,CA,United States of America,,,,False,37.775,-122.4183,California
,Hatch Data Inc,,,,,,,,Data scientist,107.0,San Francisco,CA,United States of America,,,,False,37.775,-122.4183,California
4.6,Murray Resources,1 to 50 employees,1988.0,Company - Private,Staffing & Outsourcing,Business Services,$10 to $25 million (USD),,Data scientist,107.0,The Woodlands,TX,United States of America,Houston,United States of America,Pequeno,False,,,
4.0,New York Technology Partners,51 to 200 employees,1999.0,Company - Private,Computer Hardware & Software,Information Technology,$10 to $25 million (USD),,Data scientist,107.0,Seattle,WA,United States of America,Jersey City,United States of America,Pequeno,False,47.611435,-122.330456,Washington
4.0,Two95 International Inc.,1 to 50 employees,,Company - Private,Staffing & Outsourcing,Business Services,$1 to $5 million (USD),,Data scientist,107.0,Chicago,IL,United States of America,Cherry Hill,United States of America,Pequeno,False,41.885847,-87.618123,Illinois
,Sophinea,1 to 50 employees,,Unknown,,,Unknown / Non-Applicable,,Data scientist,107.0,Chantilly,VA,United States of America,,,Pequeno,False,38.8865,-77.4393,Virginia
4.7,CRS Group,51 to 200 employees,1994.0,Company - Private,Staffing & Outsourcing,Business Services,$10 to $25 million (USD),,Data scientist,107.0,Chicago,IL,United States of America,Itasca,United States of America,Pequeno,False,41.885847,-87.618123,Illinois
3.5,Blackstone Talent Group,51 to 200 employees,1998.0,Company - Private,Consulting,Business Services,$25 to $50 million (USD),,Data scientist,107.0,San Francisco,CA,United States of America,San Francisco,United States of America,Pequeno,False,37.775,-122.4183,California
5.0,Phoenix Operations Group,1 to 50 employees,2011.0,Company - Private,IT Services,Information Technology,$1 to $5 million (USD),,Data scientist,107.0,Baltimore,MD,United States of America,Woodbine,United States of America,Pequeno,False,39.17185,-76.648287,Maryland
4.1,Roche,10000+ employees,1896.0,Company - Public,Biotech & Pharmaceuticals,Biotech & Pharmaceuticals,$10+ billion (USD),Senior,Data scientist,271.5,Pleasanton,CA,United States of America,Basel,Switzerland,Corporação,False,37.665804,-121.8755,California
4.0,AstraZeneca,10000+ employees,1913.0,Company - Public,Biotech & Pharmaceuticals,Biotech & Pharmaceuticals,$10+ billion (USD),,Data scientist,271.5,Wilmington,DE,United States of America,Cambridge,United Kingdom,Corporação,False,39.737752,-75.549658,Delaware
3.6,Creative Circle,201 to 500 employees,2002.0,Company - Public,Staffing & Outsourcing,Business Services,Unknown / Non-Applicable,,Data scientist,271.5,United States,,,Los Angeles,United States of America,Médio,False,,,
5.0,Blue Horizon Tek Solutions,1 to 50 employees,1987.0,Company - Private,Staffing & Outsourcing,Business Services,Unknown / Non-Applicable,,Data scientist,271.5,New York,NY,United States of America,Coconut Creek,United States of America,Pequeno,False,40.74838,-73.996705,New York
3.5,Maxar Technologies,5001 to 10000 employees,,Company - Public,Aerospace & Defense,Aerospace & Defense,$2 to $5 billion (USD),Senior,Data scientist,271.5,Herndon,VA,United States of America,Westminster,United States of America,Grande,False,38.9764,-77.3839,Virginia
4.7,Sharpedge Solutions Inc,Unknown,,Company - Private,Publishing,Media,Less than $1 million (USD),,Data scientist,271.5,Seattle,WA,United States of America,Lombard,United States of America,,False,47.611435,-122.330456,Washington
3.5,Maxar Technologies,5001 to 10000 employees,,Company - Public,Aerospace & Defense,Aerospace & Defense,$2 to $5 billion (USD),,Data scientist,271.5,Herndon,VA,United States of America,Westminster,United States of America,Grande,False,38.9764,-77.3839,Virginia
3.6,Alaka`ina Foundation Family of Companies,501 to 1000 employees,,Government,,,Unknown / Non-Applicable,,Data scientist,271.5,Fort Sam Houston,TX,United States of America,Honolulu,United States of America,Médio,False,,,
3.9,Southwest Research Institute,1001 to 5000 employees,1947.0,Nonprofit Organization,Research & Development,Business Services,$500 million to $1 billion (USD),,outro,271.5,Oklahoma City,OK,United States of America,San Antonio,United States of America,Grande,False,35.3337,-97.4922,Oklahoma
2.7,Hexagon US Federal,51 to 200 employees,2010.0,Company - Public,Aerospace & Defense,Aerospace & Defense,Unknown / Non-Applicable,,Data scientist,271.5,Lexington Park,MD,United States of America,Chantilly,United States of America,Pequeno,False,38.249452,-76.45293,Maryland
4.8,Klaviyo,201 to 500 employees,2012.0,Company - Private,Computer Hardware & Software,Information Technology,Unknown / Non-Applicable,,Software engineer,271.5,Boston,MA,United States of America,Boston,United States of America,Médio,False,42.357603,-71.068432,Massachusetts
,Monte Rosa Therapeutics,,,,,,,Lead,outro,271.5,Cambridge,MA,United States of America,,,,False,42.377045,-71.125611,Massachusetts
4.0,Comtech Global Inc,51 to 200 employees,,Company - Private,"Health, Beauty, & Fitness",Consumer Services,$5 to $10 million (USD),,Data scientist,271.5,Washington,DC,United States of America,Columbus,United States of America,Pequeno,False,38.912217,-77.017691,District of Columbia
3.8,"Aveshka, Inc.",51 to 200 employees,2010.0,Company - Public,IT Services,Information Technology,$10 to $25 million (USD),,Data scientist,271.5,Washington,DC,United States of America,Arlington,United States of America,Pequeno,False,38.912217,-77.017691,District of Columbia
4.2,10x Genomics,501 to 1000 employees,2012.0,Company - Public,Biotech & Pharmaceuticals,Biotech & Pharmaceuticals,Unknown / Non-Applicable,Manager,outro,271.5,Raleigh,NC,United States of America,Pleasanton,United States of America,Médio,False,35.772701,-78.632439,North Carolina
3.9,Southwest Research Institute,1001 to 5000 employees,1947.0,Nonprofit Organization,Research & Development,Business Services,$500 million to $1 billion (USD),,outro,271.5,Dayton,OH,United States of America,San Antonio,United States of America,Grande,False,39.765396,-84.099802,Ohio
,CompuForce,Unknown,,Company - Private,,,Unknown / Non-Applicable,,Data scientist,271.5,New York,NY,United States of America,New York,United States of America,,False,40.74838,-73.996705,New York
4.5,Smith Hanley Associates,1 to 50 employees,1980.0,Company - Private,Staffing & Outsourcing,Business Services,Unknown / Non-Applicable,,Data scientist,271.5,Washington,DC,United States of America,New York,,Pequeno,False,38.912217,-77.017691,District of Columbia
3.5,Allen Institute,201 to 500 employees,2003.0,Nonprofit Organization,Research & Development,Business Services,$100 to $500 million (USD),,outro,271.5,Seattle,WA,United States of America,Seattle,United States of America,Médio,False,47.611435,-122.330456,Washington
2.7,1-800-Flowers,1001 to 5000 employees,1976.0,Company - Public,Wholesale,Business Services,$1 to $2 billion (USD),,Data scientist,271.5,New York,NY,United States of America,Carle Place,United States of America,Grande,False,40.74838,-73.996705,New York
3.5,Aptive,51 to 200 employees,2012.0,Company - Private,Consulting,Business Services,$25 to $50 million (USD),,Data scientist,271.5,Washington,DC,United States of America,Alexandria,United States of America,Pequeno,False,38.912217,-77.017691,District of Columbia
4.9,The Mom Project,1 to 50 employees,2016.0,Company - Private,Staffing & Outsourcing,Business Services,Unknown / Non-Applicable,,Data scientist,89.0,Longmont,CO,United States of America,Chicago,United States of America,Pequeno,False,40.177921,-105.10095,Colorado
3.6,Powertek,51 to 200 employees,2001.0,Company - Private,IT Services,Information Technology,$25 to $50 million (USD),,Data scientist,89.0,Washington,DC,United States of America,Rockville,United States of America,Pequeno,False,38.912217,-77.017691,District of Columbia
5.0,JCD Staffing,1 to 50 employees,,Company - Private,,,Unknown / Non-Applicable,,Data scientist,89.0,Washington,DC,United States of America,Germantown,United States of America,Pequeno,False,38.912217,-77.017691,District of Columbia
3.1,Bayside Solutions,1 to 50 employees,2001.0,Company - Private,Staffing & Outsourcing,Business Services,$1 to $5 million (USD),,Data scientist,89.0,Sunnyvale,CA,United States of America,Pleasanton,United States of America,Pequeno,False,37.368889,-122.035278,California
3.9,Thumbtack,501 to 1000 employees,2009.0,Company - Private,Internet,Information Technology,Unknown / Non-Applicable,Senior,Data engineer,89.0,San Francisco,CA,United States of America,San Francisco,United States of America,Médio,False,37.775,-122.4183,California
3.4,"MILVETS Systems Technology, Inc.",51 to 200 employees,1986.0,Company - Private,IT Services,Information Technology,$25 to $50 million (USD),,Data scientist,89.0,Patuxent,MD,United States of America,Orlando,United States of America,Pequeno,False,,,
4.1,Apple,10000+ employees,1976.0,Company - Public,Computer Hardware & Software,Information Technology,$10+ billion (USD),,outro,89.0,Santa Clara,CA,United States of America,Cupertino,United States of America,Corporação,False,37.34732,-121.954079,California
4.1,Kforce,10000+ employees,1966.0,Company - Public,Staffing & Outsourcing,Business Services,$1 to $2 billion (USD),,Data scientist,89.0,Fairfax,VA,United States of America,Tampa,United States of America,Corporação,False,38.860353,-77.264937,Virginia
3.5,Evolve Vacation Rental,201 to 500 employees,2011.0,Company - Private,Travel Agencies,Travel & Tourism,Unknown / Non-Applicable,Senior,Data scientist,89.0,Denver,CO,United States of America,Denver,United States of America,Médio,False,39.840562,-105.007985,Colorado
4.3,The Buffalo Group,501 to 1000 employees,2010.0,Company - Private,IT Services,Information Technology,$100 to $500 million (USD),Senior,Data analyst,89.0,Fort Belvoir,VA,United States of America,Reston,United States of America,Médio,False,38.694699,-77.143315,Virginia
4.4,OppLoans,201 to 500 employees,2012.0,Company - Private,Lending,Finance,$100 to $500 million (USD),,outro,89.0,Chicago,IL,United States of America,Chicago,United States of America,Médio,False,41.885847,-87.618123,Illinois
3.8,AgreeYa Solutions,1001 to 5000 employees,1999.0,Company - Private,IT Services,Information Technology,$50 to $100 million (USD),,Data scientist,89.0,Thousand Oaks,CA,United States of America,Folsom,United States of America,Grande,False,34.170556,-118.836667,California
3.7,Carolina Power & Light Co,5001 to 10000 employees,1908.0,Subsidiary or Business Segment,Energy,"Oil, Gas, Energy & Utilities",Unknown / Non-Applicable,,Data scientist,89.0,McLean,VA,United States of America,Raleigh,United States of America,Grande,False,,,
3.9,Southwest Research Institute,1001 to 5000 employees,1947.0,Nonprofit Organization,Research & Development,Business Services,$500 million to $1 billion (USD),,outro,89.0,San Antonio,TX,United States of America,San Antonio,United States of America,Grande,False,29.468525,-98.526352,Texas
3.9,Brillient,501 to 1000 employees,2006.0,Company - Private,IT Services,Information Technology,$25 to $50 million (USD),,Data scientist,89.0,Silver Spring,MD,United States of America,Reston,United States of America,Médio,False,39.019106,-77.007613,Maryland
3.7,MassMutual,5001 to 10000 employees,1851.0,Company - Private,Insurance Carriers,Insurance,$10+ billion (USD),,outro,89.0,Boston,MA,United States of America,Springfield,United States of America,Grande,False,42.357603,-71.068432,Massachusetts
2.9,Xator Corporation,501 to 1000 employees,,Contract,IT Services,Information Technology,$25 to $50 million (USD),,Data scientist,89.0,Washington,DC,United States of America,Reston,United States of America,Médio,False,38.912217,-77.017691,District of Columbia
4.6,HAN IT Staffing Inc.,51 to 200 employees,2012.0,Company - Private,IT Services,Information Technology,Unknown / Non-Applicable,,Data scientist,89.0,New York,NY,United States of America,Totowa,United States of America,Pequeno,False,40.74838,-73.996705,New York
3.4,Infinitive Inc,201 to 500 employees,1997.0,Company - Private,Enterprise Software & Network Solutions,Information Technology,$10 to $25 million (USD),,Data scientist,89.0,McLean,VA,United States of America,Cedar Rapids,United States of America,Médio,False,,,
4.0,Travelers,10000+ employees,1853.0,Company - Public,Insurance Carriers,Insurance,$10+ billion (USD),,Data engineer,89.0,Hartford,CT,United States of America,Hartford,United States of America,Corporação,False,41.7636,-72.6855,Connecticut
3.3,Amyris,201 to 500 employees,2003.0,Company - Public,Biotech & Pharmaceuticals,Biotech & Pharmaceuticals,$100 to $500 million (USD),,Data scientist,164.5,Emeryville,CA,United States of America,Emeryville,United States of America,Médio,False,37.836466,-122.280363,California
4.3,Lightspeed Systems,51 to 200 employees,1999.0,Company - Private,Computer Hardware & Software,Information Technology,$25 to $50 million (USD),,Data scientist,164.5,Austin,TX,United States of America,Austin,United States of America,Pequeno,False,30.210692,-97.942749,Texas
3.9,Thumbtack,501 to 1000 employees,2009.0,Company - Private,Internet,Information Technology,Unknown / Non-Applicable,Senior,Data scientist,164.5,San Francisco,CA,United States of America,San Francisco,United States of America,Médio,False,37.775,-122.4183,California
3.6,Twitch,1001 to 5000 employees,2011.0,Subsidiary or Business Segment,Internet,Information Technology,Unknown / Non-Applicable,Senior,Data analyst,164.5,San Francisco,CA,United States of America,San Francisco,United States of America,Grande,False,37.775,-122.4183,California
4.7,New Relic,1001 to 5000 employees,2008.0,Company - Public,Computer Hardware & Software,Information Technology,$100 to $500 million (USD),,Software engineer,164.5,Portland,OR,United States of America,San Francisco,United States of America,Grande,False,45.442919,-122.615092,Oregon
3.6,Biogen,5001 to 10000 employees,1978.0,Company - Public,Biotech & Pharmaceuticals,Biotech & Pharmaceuticals,$10+ billion (USD),,outro,164.5,Cambridge,MA,United States of America,Cambridge,United States of America,Grande,False,42.377045,-71.125611,Massachusetts
,HireAi,,,,,,,,Data scientist,164.5,San Francisco,CA,United States of America,,,,False,37.775,-122.4183,California
3.3,Tempus Labs,501 to 1000 employees,2015.0,Company - Private,Biotech & Pharmaceuticals,Biotech & Pharmaceuticals,Unknown / Non-Applicable,Senior,outro,164.5,Redwood City,CA,United States of America,Chicago,United States of America,Médio,False,37.464661,-122.230406,California
3.3,ICW Group,501 to 1000 employees,1972.0,Company - Private,Insurance Carriers,Insurance,$500 million to $1 billion (USD),,Data scientist,164.5,San Diego,CA,United States of America,San Diego,United States of America,Médio,False,32.71852,-117.159316,California
3.8,NYSTEC,51 to 200 employees,1996.0,Nonprofit Organization,Consulting,Business Services,$25 to $50 million (USD),,Data analyst,164.5,New York,NY,United States of America,Rome,United States of America,Pequeno,False,40.74838,-73.996705,New York
4.5,E3 Federal Solutions,501 to 1000 employees,2004.0,Company - Private,Consulting,Business Services,Unknown / Non-Applicable,,Data scientist,164.5,Chantilly,VA,United States of America,McLean,United States of America,Médio,False,38.8865,-77.4393,Virginia
4.5,Kingfisher Systems,51 to 200 employees,2005.0,Company - Private,Federal Agencies,Government,$25 to $50 million (USD),,Data engineer,164.5,Falls Church,VA,United States of America,Falls Church,United States of America,Pequeno,False,38.848506,-77.136928,Virginia
3.4,Peraton,1001 to 5000 employees,2017.0,Company - Private,Aerospace & Defense,Aerospace & Defense,$1 to $2 billion (USD),,Data scientist,164.5,Chantilly,VA,United States of America,Herndon,United States of America,Grande,False,38.8865,-77.4393,Virginia
3.1,Group O,1001 to 5000 employees,1974.0,Company - Private,Staffing & Outsourcing,Business Services,$500 million to $1 billion (USD),Senior,Data scientist,164.5,Chicago,IL,United States of America,Milan,United States of America,Grande,False,41.885847,-87.618123,Illinois
4.0,Autodesk,5001 to 10000 employees,1982.0,Company - Public,Computer Hardware & Software,Information Technology,$2 to $5 billion (USD),Manager,outro,164.5,San Francisco,CA,United States of America,San Rafael,United States of America,Grande,False,37.775,-122.4183,California
3.3,Tempus Labs,501 to 1000 employees,2015.0,Company - Private,Biotech & Pharmaceuticals,Biotech & Pharmaceuticals,Unknown / Non-Applicable,,outro,164.5,Chicago,IL,United States of America,Chicago,United States of America,Médio,False,41.885847,-87.618123,Illinois
4.1,CaptiveAire,1001 to 5000 employees,1976.0,Company - Private,Industrial Manufacturing,Manufacturing,$100 to $500 million (USD),,Data engineer,164.5,Raleigh,NC,United States of America,Raleigh,United States of America,Grande,False,35.772701,-78.632439,North Carolina
4.2,LSQ,51 to 200 employees,1996.0,Company - Private,Investment Banking & Asset Management,Finance,$100 to $500 million (USD),,outro,164.5,Orlando,FL,United States of America,Orlando,United States of America,Pequeno,False,28.498821,-80.58248,Florida
3.9,Temboo,1 to 50 employees,,Company - Private,IT Services,Information Technology,Unknown / Non-Applicable,,Machine learning engineer,164.5,New York,NY,United States of America,New York,United States of America,Pequeno,False,40.74838,-73.996705,New York
,Kibo,Unknown,,Company - Public,,,Unknown / Non-Applicable,,Data scientist,164.5,Philadelphia,PA,United States of America,Marbella,Spain,,False,39.864998,-75.275196,Pennsylvania
3.3,MITRE,5001 to 10000 employees,1958.0,Nonprofit Organization,Federal Agencies,Government,$1 to $2 billion (USD),,Data scientist,164.5,McLean,VA,United States of America,Bedford,United States of America,Grande,False,,,
3.9,Mars,10000+ employees,1911.0,Company - Private,Food & Beverage Manufacturing,Manufacturing,$10+ billion (USD),,Data scientist,148.0,United States,,,Mc Lean,United States of America,Corporação,False,,,
4.5,"Fullpower Technologies, Inc.",51 to 200 employees,2003.0,Company - Private,Computer Hardware & Software,Information Technology,$10 to $25 million (USD),,Data scientist,148.0,Santa Cruz,CA,United States of America,Santa Cruz,United States of America,Pequeno,False,36.982946,-122.043612,California
4.2,AeroVironment,501 to 1000 employees,1971.0,Company - Public,Aerospace & Defense,Aerospace & Defense,$100 to $500 million (USD),Senior,Machine learning engineer,148.0,Simi Valley,CA,United States of America,Simi Valley,United States of America,Médio,False,34.2694,-118.7805,California
3.5,Maxar Technologies,5001 to 10000 employees,,Company - Public,Aerospace & Defense,Aerospace & Defense,$2 to $5 billion (USD),,Data scientist,148.0,Herndon,VA,United States of America,Westminster,United States of America,Grande,False,38.9764,-77.3839,Virginia
4.0,Dynetics,1001 to 5000 employees,1974.0,Company - Private,Aerospace & Defense,Aerospace & Defense,$100 to $500 million (USD),,outro,148.0,Huntsville,AL,United States of America,Huntsville,United States of America,Grande,False,34.726866,-86.567318,Alabama
4.5,Systems & Technology Research,201 to 500 employees,2010.0,Company - Private,Aerospace & Defense,Aerospace & Defense,$100 to $500 million (USD),,outro,148.0,Woburn,MA,United States of America,Woburn,United States of America,Médio,False,42.482894,-71.157404,Massachusetts
4.5,Novetta,501 to 1000 employees,2012.0,Company - Private,Enterprise Software & Network Solutions,Information Technology,$100 to $500 million (USD),Senior,Data analyst,148.0,Herndon,VA,United States of America,Mc Lean,United States of America,Médio,False,38.9764,-77.3839,Virginia
3.8,Applied Research Laboratories,501 to 1000 employees,,College / University,Colleges & Universities,Education,Unknown / Non-Applicable,,outro,148.0,Austin,TX,United States of America,Austin,United States of America,Médio,False,30.210692,-97.942749,Texas
3.9,Navy Federal Credit Union,10000+ employees,1933.0,Other Organization,Banks & Credit Unions,Finance,Unknown / Non-Applicable,,Data engineer,148.0,Merrifield,VA,United States of America,Vienna,United States of America,Corporação,False,38.8741,-77.2272,Virginia
2.0,Conagen,51 to 200 employees,,Company - Private,Biotech & Pharmaceuticals,Biotech & Pharmaceuticals,Unknown / Non-Applicable,Junior,outro,148.0,New Bedford,MA,United States of America,Bedford,United States of America,Pequeno,False,41.634749,-70.9372,Massachusetts
4.8,Alector,51 to 200 employees,2013.0,Company - Public,Biotech & Pharmaceuticals,Biotech & Pharmaceuticals,Unknown / Non-Applicable,,outro,148.0,South San Francisco,CA,United States of America,South San Francisco,United States of America,Pequeno,False,37.65382,-122.4347,California
3.9,Navy Federal Credit Union,10000+ employees,1933.0,Other Organization,Banks & Credit Unions,Finance,Unknown / Non-Applicable,,Data analyst,148.0,Merrifield,VA,United States of America,Vienna,United States of America,Corporação,False,38.8741,-77.2272,Virginia
3.3,Reynolds American,5001 to 10000 employees,1875.0,Company - Private,Consumer Products Manufacturing,Manufacturing,$10+ billion (USD),Senior,outro,148.0,Winston-Salem,NC,United States of America,Winston-Salem,United States of America,Grande,False,,,
3.3,MITRE,5001 to 10000 employees,1958.0,Nonprofit Organization,Federal Agencies,Government,$1 to $2 billion (USD),Lead,Data scientist,148.0,Bedford,MA,United States of America,Bedford,United States of America,Grande,False,42.484287,-71.276796,Massachusetts
5.0,LifeOmic,51 to 200 employees,2016.0,Company - Private,Enterprise Software & Network Solutions,Information Technology,Unknown / Non-Applicable,Senior,Machine learning engineer,148.0,Raleigh,NC,United States of America,Indianapolis,United States of America,Pequeno,False,35.772701,-78.632439,North Carolina
4.4,"Homology Medicines, Inc.",51 to 200 employees,,Company - Public,,,Unknown / Non-Applicable,Junior,outro,148.0,New Bedford,MA,United States of America,Bedford,United States of America,Pequeno,False,41.634749,-70.9372,Massachusetts
3.4,Spectrum Communications and Consulting,51 to 200 employees,1992.0,Company - Private,Advertising & Marketing,Business Services,$10 to $25 million (USD),,Data engineer,148.0,Chicago,IL,United States of America,Chicago,United States of America,Pequeno,False,41.885847,-87.618123,Illinois
3.3,Inland Empire Health Plan,1001 to 5000 employees,1996.0,Company - Public,Health Care Services & Hospitals,Health Care,$1 to $2 billion (USD),,outro,148.0,Rancho Cucamonga,CA,United States of America,Rancho Cucamonga,United States of America,Grande,False,34.133922,-117.599149,California
2.9,Affinity Solutions,51 to 200 employees,1998.0,Company - Private,Advertising & Marketing,Business Services,Unknown / Non-Applicable,Senior,Data engineer,148.0,New York,NY,United States of America,New York,United States of America,Pequeno,False,40.74838,-73.996705,New York
3.8,Sandia National Laboratories,10000+ employees,1949.0,Government,Federal Agencies,Government,$2 to $5 billion (USD),,outro,148.0,Livermore,CA,United States of America,Albuquerque,United States of America,Corporação,False,37.68299,-121.762983,California
3.5,Maxar Technologies,5001 to 10000 employees,,Company - Public,Aerospace & Defense,Aerospace & Defense,$2 to $5 billion (USD),,Data engineer,148.0,McLean,VA,United States of America,Westminster,United States of America,Grande,False,,,
4.0,AstraZeneca,10000+ employees,1913.0,Company - Public,Biotech & Pharmaceuticals,Biotech & Pharmaceuticals,$10+ billion (USD),Junior,Data scientist,106.0,Gaithersburg,MD,United States of America,Cambridge,United Kingdom,Corporação,False,39.14187,-77.188993,Maryland
4.0,Autodesk,5001 to 10000 employees,1982.0,Company - Public,Computer Hardware & Software,Information Technology,$2 to $5 billion (USD),Senior,Data scientist,106.0,San Francisco,CA,United States of America,San Rafael,United States of America,Grande,False,37.775,-122.4183,California
3.4,USI,1001 to 5000 employees,1998.0,Company - Private,Construction,"Construction, Repair & Maintenance",$100 to $500 million (USD),,Data scientist,106.0,Southfield,MI,United States of America,Saint Paul,United States of America,Grande,False,42.46302,-83.288048,Michigan
3.9,GSK,10000+ employees,1830.0,Company - Public,Biotech & Pharmaceuticals,Biotech & Pharmaceuticals,$10+ billion (USD),,Data scientist,106.0,Collegeville,PA,United States of America,Brentford,United Kingdom,Corporação,False,40.189277,-75.448762,Pennsylvania
3.8,CIA,Unknown,1947.0,Government,Federal Agencies,Government,Unknown / Non-Applicable,,Data scientist,106.0,Washington,DC,United States of America,Langley,United States of America,,False,38.912217,-77.017691,District of Columbia
4.5,Maven Wave Partners,201 to 500 employees,2008.0,Company - Private,Consulting,Business Services,$50 to $100 million (USD),,Data scientist,106.0,Chicago,IL,United States of America,Chicago,United States of America,Médio,False,41.885847,-87.618123,Illinois
4.3,Ovative Group,51 to 200 employees,2009.0,Company - Private,Advertising & Marketing,Business Services,$10 to $25 million (USD),,Data scientist,106.0,Minneapolis,MN,United States of America,Minneapolis,United States of America,Pequeno,False,45.049582,-93.246095,Minnesota
3.6,Kognetics,1 to 50 employees,,Company - Private,,,Unknown / Non-Applicable,,Data scientist,106.0,Gahanna,OH,United States of America,New York,United States of America,Pequeno,False,,,
2.9,Envision Healthcare,10000+ employees,2005.0,Company - Private,Health Care Services & Hospitals,Health Care,Unknown / Non-Applicable,,Data scientist,106.0,Nashville,TN,United States of America,Nashville,United States of America,Corporação,False,36.167028,-86.778441,Tennessee
2.9,"Pragmatics, Inc.",201 to 500 employees,1985.0,Company - Private,IT Services,Information Technology,$100 to $500 million (USD),,Data scientist,106.0,United States,,,Reston,United States of America,Médio,False,,,
3.2,ConsumerTrack,51 to 200 employees,2004.0,Company - Private,Internet,Information Technology,$25 to $50 million (USD),,Data scientist,106.0,California,,,Los Angeles,United States of America,Pequeno,False,,,
4.5,Johns Hopkins University Applied Physics Laboratory,5001 to 10000 employees,1942.0,Nonprofit Organization,Aerospace & Defense,Aerospace & Defense,$1 to $2 billion (USD),,outro,106.0,Laurel,MD,United States of America,Laurel,United States of America,Grande,False,39.095801,-76.815485,Maryland
5.0,Phoenix Operations Group,1 to 50 employees,2011.0,Company - Private,IT Services,Information Technology,$1 to $5 million (USD),,Data scientist,106.0,Annapolis Junction,MD,United States of America,Woodbine,United States of America,Pequeno,False,39.130983,-76.798068,Maryland
3.5,Crossover Health,1 to 50 employees,2010.0,Company - Private,Health Care Services & Hospitals,Health Care,$1 to $5 million (USD),,Data scientist,106.0,San Clemente,CA,United States of America,Aliso Viejo,United States of America,Pequeno,False,33.430809,-117.610139,California
4.0,Lorven Technologies Inc,1 to 50 employees,,Company - Private,Accounting,Accounting & Legal,Less than $1 million (USD),,Data scientist,106.0,New York,NY,United States of America,Plainsboro,United States of America,Pequeno,False,40.74838,-73.996705,New York
4.4,Meridian Knowledge Solutions,51 to 200 employees,1997.0,Subsidiary or Business Segment,Enterprise Software & Network Solutions,Information Technology,$100 to $500 million (USD),,Data scientist,106.0,Washington,DC,United States of America,Reston,United States of America,Pequeno,False,38.912217,-77.017691,District of Columbia
4.2,UST Global,10000+ employees,1999.0,Company - Private,IT Services,Information Technology,$1 to $2 billion (USD),,Data scientist,106.0,Atlanta,GA,United States of America,Aliso Viejo,United States of America,Corporação,False,33.749788,-84.31685,Georgia
3.2,IMG Systems,1 to 50 employees,,Company - Private,Consulting,Business Services,$1 to $5 million (USD),,Data scientist,106.0,Plano,TX,United States of America,Plano,United States of America,Pequeno,False,33.054972,-96.736454,Texas
3.4,Trident Systems Inc,51 to 200 employees,1985.0,Company - Private,Aerospace & Defense,Aerospace & Defense,$25 to $50 million (USD),,Data scientist,106.0,Fairfax,VA,United States of America,Fairfax,United States of America,Pequeno,False,38.860353,-77.264937,Virginia
4.7,"Tygart Technology, Inc",1 to 50 employees,,Company - Private,,,$1 to $5 million (USD),,Data scientist,106.0,Washington,DC,United States of America,Fairmont,United States of America,Pequeno,False,38.912217,-77.017691,District of Columbia
3.6,Merrick Bank,201 to 500 employees,1997.0,Company - Private,Banks & Credit Unions,Finance,Unknown / Non-Applicable,Senior,Data scientist,114.0,Utah,,,South Jordan,United States of America,Médio,False,,,
4.2,ManTech,5001 to 10000 employees,1968.0,Company - Public,Research & Development,Business Services,$1 to $2 billion (USD),Senior,Data scientist,114.0,Alexandria,VA,United States of America,Herndon,United States of America,Grande,False,38.820042,-77.058901,Virginia
,"GrainBridge, LLC",,,,,,,,Data scientist,114.0,Omaha,NE,United States of America,,,,False,41.261,-95.9376,Nebraska
3.2,First Health Group,10000+ employees,1853.0,Company - Private,Insurance Carriers,Insurance,$10+ billion (USD),,Data scientist,114.0,Wellesley,MA,United States of America,Bethesda,United States of America,Corporação,False,42.2986,-71.3016,Massachusetts
,Sprezzatura Management Consulting,Unknown,,Company - Private,,,Unknown / Non-Applicable,,Data scientist,114.0,Washington,VA,United States of America,McLean,United States of America,,False,38.707838,-78.1566,Virginia
2.8,"Progress Rail, A Caterpillar Company",1001 to 5000 employees,1983.0,Subsidiary or Business Segment,Rail,Transportation & Logistics,$2 to $5 billion (USD),,Data scientist,114.0,Fort Worth,TX,United States of America,Albertville,United States of America,Grande,False,32.7469,-97.3268,Texas
4.2,UST Global,10000+ employees,1999.0,Company - Private,IT Services,Information Technology,$1 to $2 billion (USD),,Data scientist,114.0,Atlanta,GA,United States of America,Aliso Viejo,United States of America,Corporação,False,33.749788,-84.31685,Georgia
4.5,Axiologic Solutions,51 to 200 employees,2009.0,Company - Private,Aerospace & Defense,Aerospace & Defense,Unknown / Non-Applicable,,Data scientist,114.0,Alexandria,VA,United States of America,Fairfax,United States of America,Pequeno,False,38.820042,-77.058901,Virginia
3.0,Indigo Slate,51 to 200 employees,2006.0,Company - Private,Consulting,Business Services,$10 to $25 million (USD),,Data scientist,114.0,Bellevue,WA,United States of America,Bellevue,United States of America,Pequeno,False,47.619899,-122.207371,Washington
3.3,Cubic,5001 to 10000 employees,1951.0,Company - Public,Aerospace & Defense,Aerospace & Defense,$1 to $2 billion (USD),,Data scientist,114.0,United States,,,San Diego,United States of America,Grande,False,,,
4.0,Advanced Bio-Logic Solutions Corp,1 to 50 employees,,Company - Private,,,Less than $1 million (USD),,Data scientist,114.0,Thousand Oaks,CA,United States of America,Westlake Village,United States of America,Pequeno,False,34.170556,-118.836667,California
3.5,Alignment Healthcare,501 to 1000 employees,2013.0,Company - Private,Health Care Services & Hospitals,Health Care,Unknown / Non-Applicable,,Data engineer,114.0,Orange,CA,United States of America,Orange,United States of America,Médio,False,33.7877,-117.8755,California
3.5,WGSN,1 to 50 employees,1998.0,Company - Private,Consulting,Business Services,$50 to $100 million (USD),,Data scientist,114.0,Baltimore,MD,United States of America,New York,United States of America,Pequeno,False,39.17185,-76.648287,Maryland
3.6,"ISYS Technologies, Inc.",51 to 200 employees,1990.0,Company - Private,Computer Hardware & Software,Information Technology,$10 to $25 million (USD),,Data scientist,114.0,Herndon,VA,United States of America,Littleton,United States of America,Pequeno,False,38.9764,-77.3839,Virginia
3.0,TransVoyant,51 to 200 employees,2012.0,Company - Private,Enterprise Software & Network Solutions,Information Technology,Unknown / Non-Applicable,,Data scientist,114.0,Alexandria,VA,United States of America,Alexandria,United States of America,Pequeno,False,38.820042,-77.058901,Virginia
4.0,Noblis,1001 to 5000 employees,1996.0,Nonprofit Organization,Consulting,Business Services,$100 to $500 million (USD),,Data scientist,114.0,Bridgeport,WV,United States of America,Reston,United States of America,Grande,False,39.29537,-80.242692,West Virginia
4.6,Murray Resources,1 to 50 employees,1988.0,Company - Private,Staffing & Outsourcing,Business Services,$10 to $25 million (USD),,Data scientist,114.0,The Woodlands,TX,United States of America,Houston,United States of America,Pequeno,False,,,
4.3,Geotab,1001 to 5000 employees,2000.0,Company - Private,Computer Hardware & Software,Information Technology,$100 to $500 million (USD),,Data scientist,114.0,Oakville,CA,United States of America,Oakville,Canada,Grande,False,38.436944,-122.401111,California
4.7,CRS Group,51 to 200 employees,1994.0,Company - Private,Staffing & Outsourcing,Business Services,$10 to $25 million (USD),,Data scientist,114.0,Chicago,IL,United States of America,Itasca,United States of America,Pequeno,False,41.885847,-87.618123,Illinois
3.7,EGlobalTech,201 to 500 employees,2004.0,Company - Private,IT Services,Information Technology,Unknown / Non-Applicable,,Data scientist,114.0,Arlington,VA,United States of America,Vienna,United States of America,Médio,False,38.887103,-77.093197,Virginia
3.9,Mars,10000+ employees,1911.0,Company - Private,Food & Beverage Manufacturing,Manufacturing,$10+ billion (USD),,Data scientist,123.5,New York,NY,United States of America,Mc Lean,United States of America,Corporação,False,40.74838,-73.996705,New York
4.9,Avlino,1 to 50 employees,2013.0,Company - Private,Enterprise Software & Network Solutions,Information Technology,Less than $1 million (USD),,Data scientist,123.5,New Jersey,,,Holmdel,United States of America,Pequeno,False,,,
3.0,"Central Business Solutions, Inc",51 to 200 employees,,Company - Private,Consulting,Business Services,$5 to $10 million (USD),,Data scientist,123.5,Seattle,WA,United States of America,Fremont,United States of America,Pequeno,False,47.611435,-122.330456,Washington
2.5,KeHE Distributors,5001 to 10000 employees,1954.0,Company - Private,Wholesale,Business Services,Unknown / Non-Applicable,,Data scientist,123.5,Naperville,IL,United States of America,Naperville,United States of America,Grande,False,41.766198,-88.141038,Illinois
3.5,Blackstone Talent Group,51 to 200 employees,1998.0,Company - Private,Consulting,Business Services,$25 to $50 million (USD),,Data scientist,123.5,San Francisco,CA,United States of America,San Francisco,United States of America,Pequeno,False,37.775,-122.4183,California
5.0,Phoenix Operations Group,1 to 50 employees,2011.0,Company - Private,IT Services,Information Technology,$1 to $5 million (USD),,Data scientist,123.5,Baltimore,MD,United States of America,Woodbine,United States of America,Pequeno,False,39.17185,-76.648287,Maryland
,Sophinea,1 to 50 employees,,Unknown,,,Unknown / Non-Applicable,,Data scientist,123.5,Chantilly,VA,United States of America,,,Pequeno,False,38.8865,-77.4393,Virginia
3.5,Maxar Technologies,5001 to 10000 employees,,Company - Public,Aerospace & Defense,Aerospace & Defense,$2 to $5 billion (USD),Senior,Data scientist,123.5,Herndon,VA,United States of America,Westminster,United States of America,Grande,False,38.9764,-77.3839,Virginia
3.0,Moxie Software,51 to 200 employees,1999.0,Company - Private,Enterprise Software & Network Solutions,Information Technology,Unknown / Non-Applicable,,Data scientist,123.5,Bellevue,WA,United States of America,San Bruno,United States of America,Pequeno,False,47.619899,-122.207371,Washington
5.0,Blue Horizon Tek Solutions,1 to 50 employees,1987.0,Company - Private,Staffing & Outsourcing,Business Services,Unknown / Non-Applicable,,Data scientist,123.5,New York,NY,United States of America,Coconut Creek,United States of America,Pequeno,False,40.74838,-73.996705,New York
4.7,Unicom Technologies INC,51 to 200 employees,,Company - Private,IT Services,Information Technology,Unknown / Non-Applicable,,Data scientist,123.5,Chicago,IL,United States of America,Naperville,United States of America,Pequeno,False,41.885847,-87.618123,Illinois
3.3,Americo Life,201 to 500 employees,1992.0,Company - Private,Insurance Carriers,Insurance,$100 to $500 million (USD),,Data engineer,123.5,Kansas City,MO,United States of America,Kansas City,United States of America,Médio,False,39.163189,-94.569882,Missouri
3.3,Tokio Marine HCC,1001 to 5000 employees,1974.0,Company - Private,Insurance Carriers,Insurance,Unknown / Non-Applicable,,Data scientist,123.5,Houston,TX,United States of America,Houston,United States of America,Grande,False,29.596156,-95.458709,Texas
3.5,CACI International,10000+ employees,1962.0,Company - Public,Aerospace & Defense,Aerospace & Defense,$2 to $5 billion (USD),,Data scientist,123.5,Chantilly,VA,United States of America,Arlington,United States of America,Corporação,False,38.8865,-77.4393,Virginia
4.1,Apple,10000+ employees,1976.0,Company - Public,Computer Hardware & Software,Information Technology,$10+ billion (USD),,outro,123.5,Santa Clara,CA,United States of America,Cupertino,United States of America,Corporação,False,37.34732,-121.954079,California
3.5,Maxar Technologies,5001 to 10000 employees,,Company - Public,Aerospace & Defense,Aerospace & Defense,$2 to $5 billion (USD),,Data scientist,123.5,Herndon,VA,United States of America,Westminster,United States of America,Grande,False,38.9764,-77.3839,Virginia
3.9,Southwest Research Institute,1001 to 5000 employees,1947.0,Nonprofit Organization,Research & Development,Business Services,$500 million to $1 billion (USD),,outro,123.5,Oklahoma City,OK,United States of America,San Antonio,United States of America,Grande,False,35.3337,-97.4922,Oklahoma
4.7,Compass Consulting Group,51 to 200 employees,2008.0,Company - Private,Consulting,Business Services,Unknown / Non-Applicable,,Data scientist,123.5,Thousand Oaks,CA,United States of America,Danville,United States of America,Pequeno,False,34.170556,-118.836667,California
4.8,Klaviyo,201 to 500 employees,2012.0,Company - Private,Computer Hardware & Software,Information Technology,Unknown / Non-Applicable,,Software engineer,123.5,Boston,MA,United States of America,Boston,United States of America,Médio,False,42.357603,-71.068432,Massachusetts
,Monte Rosa Therapeutics,,,,,,,Lead,outro,123.5,Cambridge,MA,United States of America,,,,False,42.377045,-71.125611,Massachusetts
4.0,AstraZeneca,10000+ employees,1913.0,Company - Public,Biotech & Pharmaceuticals,Biotech & Pharmaceuticals,$10+ billion (USD),,Data scientist,123.5,Gaithersburg,MD,United States of America,Cambridge,United Kingdom,Corporação,False,39.14187,-77.188993,Maryland
3.8,GutCheck,51 to 200 employees,2009.0,Company - Private,Advertising & Marketing,Business Services,$10 to $25 million (USD),Senior,Data scientist,136.0,Denver,CO,United States of America,Denver,United States of America,Pequeno,False,39.840562,-105.007985,Colorado
3.8,Juniper Networks,5001 to 10000 employees,1996.0,Company - Public,Telecommunications Services,Telecommunications,$2 to $5 billion (USD),Senior,Data scientist,136.0,Cupertino,CA,United States of America,Sunnyvale,United States of America,Grande,False,37.317363,-122.038604,California
2.7,Hexagon US Federal,51 to 200 employees,2010.0,Company - Public,Aerospace & Defense,Aerospace & Defense,Unknown / Non-Applicable,,Data scientist,136.0,Lexington Park,MD,United States of America,Chantilly,United States of America,Pequeno,False,38.249452,-76.45293,Maryland
4.0,Comtech Global Inc,51 to 200 employees,,Company - Private,"Health, Beauty, & Fitness",Consumer Services,$5 to $10 million (USD),,Data scientist,136.0,Washington,DC,United States of America,Columbus,United States of America,Pequeno,False,38.912217,-77.017691,District of Columbia
,Berico Technologies,,,,,,,,Data scientist,136.0,Fort Belvoir,VA,United States of America,,,,False,38.694699,-77.143315,Virginia
,Kehe Food Distributors,,,,,,,,Data scientist,136.0,Naperville,IL,United States of America,,,,False,41.766198,-88.141038,Illinois
3.8,"Aveshka, Inc.",51 to 200 employees,2010.0,Company - Public,IT Services,Information Technology,$10 to $25 million (USD),,Data scientist,136.0,Washington,DC,United States of America,Arlington,United States of America,Pequeno,False,38.912217,-77.017691,District of Columbia
3.2,Perspecta,10000+ employees,2018.0,Company - Public,Aerospace & Defense,Aerospace & Defense,Unknown / Non-Applicable,,Data scientist,136.0,Adelphi,MD,United States of America,Chantilly,United States of America,Corporação,False,,,
,Pactera Edge,,,,,,,,Data scientist,136.0,Redmond,WA,United States of America,,,,False,47.671796,-122.123242,Washington
3.6,Qurate Retail Group,10000+ employees,,Company - Public,Other Retail Stores,Retail,Unknown / Non-Applicable,,Data scientist,136.0,West Chester,PA,United States of America,West Chester,United States of America,Corporação,False,39.984458,-75.596231,Pennsylvania
4.4,"SolutionIT, Inc.",51 to 200 employees,,Company - Private,,,Unknown / Non-Applicable,,Data scientist,136.0,Edison,NJ,United States of America,Wilmington,United States of America,Pequeno,False,40.517079,-74.397286,New Jersey
4.1,A-Line Staffing Solutions,501 to 1000 employees,2004.0,Company - Private,Staffing & Outsourcing,Business Services,Unknown / Non-Applicable,,Data scientist,136.0,Durham,NC,United States of America,Utica,United States of America,Médio,False,35.996725,-78.896613,North Carolina
,Clear Ridge Defense,1 to 50 employees,,Company - Private,,,Unknown / Non-Applicable,,Data scientist,136.0,Quantico,VA,United States of America,Baltimore,United States of America,Pequeno,False,38.531039,-77.335819,Virginia
3.8,"Criterion Systems, Inc.",201 to 500 employees,2005.0,Company - Private,IT Services,Information Technology,$50 to $100 million (USD),,Data scientist,136.0,Vienna,VA,United States of America,Vienna,United States of America,Médio,False,38.893527,-77.253219,Virginia
4.0,Foundation Medicine,1001 to 5000 employees,2010.0,Company - Public,Biotech & Pharmaceuticals,Biotech & Pharmaceuticals,$100 to $500 million (USD),,Data scientist,136.0,Boston,MA,United States of America,Cambridge,United States of America,Grande,False,42.357603,-71.068432,Massachusetts
3.6,TRANZACT,1001 to 5000 employees,1989.0,Company - Private,Advertising & Marketing,Business Services,Unknown / Non-Applicable,,Data scientist,136.0,Fort Lee,NJ,United States of America,Fort Lee,United States of America,Grande,False,40.850312,-73.974455,New Jersey
,JKGT,,,,,,,,Data scientist,136.0,San Francisco,CA,United States of America,,,,False,37.775,-122.4183,California
,AccessHope,,,,,,,,Data scientist,136.0,Irwindale,CA,United States of America,,,,False,,,
5.0,ChaTeck Incorporated,1 to 50 employees,,Company - Private,Advertising & Marketing,Business Services,$1 to $5 million (USD),,Data scientist,136.0,San Francisco,CA,United States of America,Santa Clara,United States of America,Pequeno,False,37.775,-122.4183,California
2.7,1-800-Flowers,1001 to 5000 employees,1976.0,Company - Public,Wholesale,Business Services,$1 to $2 billion (USD),,Data scientist,136.0,New York,NY,United States of America,Carle Place,United States of America,Grande,False,40.74838,-73.996705,New York
